redshift,frequency_MHz,brightness_temp_mK,neutral_fraction
3000.0,0.4733108133955348,0.0,0.07317073170731714
2997.04705,0.4737770046003781,-8.5516007872535e-06,0.07317073170731714
2994.09409,0.4742441166514405,-8.503850166413905e-06,0.07317073170731714
2991.14114,0.47471214910670956,-8.569596774564612e-06,0.07317073170731714
2988.18819,0.47518110627889243,-8.59373056532164e-06,0.07317073170731714
2985.23524,0.4756509909112184,-8.659590743668326e-06,0.07317073170731714
2982.28228,0.47612180735374465,-8.570086411413274e-06,0.07317073170731714
2979.32933,0.47659355518270863,-8.636004299597403e-06,0.07317073170731714
2976.37638,0.4770662387668972,-8.701989664744044e-06,0.07317073170731714
2973.42342,0.4775398624987965,-8.61237956744569e-06,0.07317073170731714
2970.47047,0.47801442596870225,-8.678422985589948e-06,0.07317073170731714
2967.51752,0.4784899335881299,-8.702709518595426e-06,0.07317073170731714
2964.56456,0.47896638979257294,-8.654817987873034e-06,0.07317073170731714
2961.61161,0.47944379418671085,-8.679121256409718e-06,0.07317073170731714
2958.65866,0.47992215122537135,-8.745338159558506e-06,0.07317073170731714
2955.70571,0.48040146376285786,-8.811623321266981e-06,0.07317073170731714
2952.75275,0.4808817362929243,-8.721770156547968e-06,0.07317073170731714
2949.7998,0.4813629684399464,-8.788114190554603e-06,0.07317073170731714
2946.84685,0.4818451647174276,-8.81255580080559e-06,0.07317073170731714
2943.89389,0.4823283296635181,-8.764566773678223e-06,0.07317073170731714
2940.94094,0.4828124629177634,-8.831038664994669e-06,0.07317073170731714
2937.98799,0.4832975690383818,-8.85554526925699e-06,0.07317073170731714
2935.03504,0.48378365096078685,-8.922134152639107e-06,0.07317073170731714
2932.08208,0.48427071328327775,-8.83203607089256e-06,0.07317073170731714
2929.12913,0.484758755666171,-8.898684660239685e-06,0.07317073170731714
2926.17618,0.4852477827282675,-8.965402712038877e-06,0.07317073170731714
2923.22322,0.4857377991137079,-8.875196914292307e-06,0.07317073170731714
2920.27027,0.48622880449880457,-8.9419750376606e-06,0.07317073170731714
2917.31732,0.48672080354853253,-8.966640116396355e-06,0.07317073170731714
2914.36436,0.487213800953511,-8.918509094191974e-06,0.07317073170731714
2911.41141,0.487707796406415,-8.985417472611578e-06,0.07317073170731714
2908.45846,0.48820279461903715,-9.01014899377503e-06,0.07317073170731714
2905.50551,0.4886987986477273,-9.077176452232948e-06,0.07317073170731714
2902.55255,0.48919581324608713,-8.986723088089374e-06,0.07317073170731714
2899.5996,0.4896938381291923,-9.053811470867279e-06,0.07317073170731714
2896.64665,0.4901928780722798,-9.120970546595717e-06,0.07317073170731714
2893.69369,0.49069293787696067,-9.03040826458403e-06,0.07317073170731714
2890.74074,0.4911940172755597,-9.09762864953479e-06,0.07317073170731714
2887.78779,0.4916961210916777,-9.122522156219369e-06,0.07317073170731714
2884.83483,0.4921992541756106,-9.074248516692998e-06,0.07317073170731714
2881.88188,0.49270341627732595,-9.141601627737183e-06,0.07317073170731714
2878.92893,0.49320861226947016,-9.16656307814591e-06,0.07317073170731714
2875.97598,0.49371484533562215,-9.234037411141667e-06,0.07317073170731714
2873.02302,0.4942221203920628,-9.143224869053124e-06,0.07317073170731714
2870.07007,0.49473043721290993,-9.210761399649536e-06,0.07317073170731714
2867.11712,0.4952398007372865,-9.278369854469455e-06,0.07317073170731714
2864.16416,0.49575021593178104,-9.18744720505732e-06,0.07317073170731714
2861.21121,0.49626168258910563,-9.25511824677855e-06,0.07317073170731714
2858.25826,0.49677420569906827,-9.32286160144594e-06,0.07317073170731714
2855.30531,0.4972877885382638,-9.348039146123647e-06,0.07317073170731714
2852.35235,0.49780243614147407,-9.299634796364808e-06,0.07317073170731714
2849.3994,0.4983181483268626,-9.324831362434052e-06,0.07317073170731714
2846.44645,0.4988349301529446,-9.39276113665765e-06,0.07317073170731714
2843.49349,0.4993527867065008,-9.344312202656992e-06,0.07317073170731714
2840.54054,0.4998717178252892,-9.36957874415128e-06,0.07317073170731714
2837.58759,0.5003917286202184,-9.437645234470906e-06,0.07317073170731714
2834.63463,0.5009128242308143,-9.346358251937442e-06,0.07317073170731714
2831.68168,0.5014350045148737,-9.414488633103551e-06,0.07317073170731714
2828.72873,0.5019582746364526,-9.482692633728585e-06,0.07317073170731714
2825.77578,0.5024826380109992,-9.50811000628096e-06,0.07317073170731714
2822.82282,0.5030080998495507,-9.459562244480754e-06,0.07317073170731714
2819.86987,0.5035346600373309,-9.527904545267168e-06,0.07317073170731714
2816.91692,0.504062323810455,-9.553393312078706e-06,0.07317073170731714
2813.96396,0.5045910964344993,-9.50480077908035e-06,0.07317073170731714
2811.01101,0.5051209778158017,-9.530309403731824e-06,0.07317073170731714
2808.05806,0.5056519732454373,-9.598842828750292e-06,0.07317073170731714
2805.10511,0.5061840862404473,-9.667450985342264e-06,0.07317073170731714
2802.15215,0.5067173221403626,-9.575786173917483e-06,0.07317073170731714
2799.1992,0.5072516808804174,-9.644459802145722e-06,0.07317073170731714
2796.24625,0.5077871678262148,-9.713208583218116e-06,0.07317073170731714
2793.29329,0.5083237883736964,-9.62143082151976e-06,0.07317073170731714
2790.34034,0.5088615424803411,-9.690245487623407e-06,0.07317073170731714
2787.38739,0.509400435568603,-9.759135700133318e-06,0.07317073170731714
2784.43443,0.5099404730916607,-9.66724460769043e-06,0.07317073170731714
2781.48148,0.5104816550297399,-9.736201146279166e-06,0.07317073170731714
2778.52853,0.5110239868629807,-9.762010478711895e-06,0.07317073170731714
2775.57558,0.5115674722602004,-9.831096133480055e-06,0.07317073170731714
2772.62262,0.5121121167522061,-9.782328052946503e-06,0.07317073170731714
2769.66967,0.5126579203503534,-9.808211455949523e-06,0.07317073170731714
2766.71672,0.5132048886130225,-9.87744052261154e-06,0.07317073170731714
2763.76376,0.5137530271302457,-9.828627496391668e-06,0.07317073170731714
2760.81081,0.5143023359373411,-9.854585484288326e-06,0.07317073170731714
2757.85786,0.514852820652384,-9.923958823804431e-06,0.07317073170731714
2754.9049,0.5154044869255104,-9.875100799251952e-06,0.07317073170731714
2751.95195,0.5159573348165412,-9.901133883882824e-06,0.07317073170731714
2748.999,0.5165113700041346,-9.970652337723601e-06,0.07317073170731714
2746.04605,0.5170665963171605,-9.996770430576426e-06,0.07317073170731714
2743.09309,0.5176230194872872,-9.947857977503202e-06,0.07317073170731714
2740.14014,0.5181806396078678,-1.0017522426950176e-05,0.07317073170731714
2737.18719,0.5187394624397464,-1.0043716663125883e-05,0.07317073170731714
2734.23423,0.5192994937768091,-9.994759114424167e-06,0.07317073170731714
2731.28128,0.519860733738219,-1.0064570425378643e-05,0.07317073170731714
2728.32833,0.5204231881475396,-1.0090841332813213e-05,0.07317073170731714
2725.37538,0.5209868609508937,-1.0160786091980674e-05,0.07317073170731714
2722.42242,0.5215517580265789,-1.0111797697648831e-05,0.07317073170731714
2719.46947,0.52211787952908,-1.0138145833788723e-05,0.07317073170731714
2716.51652,0.5226852313670571,-1.0208239097028934e-05,0.07317073170731714
2713.56356,0.5232538194832321,-1.0159205619600921e-05,0.07317073170731714
2710.61061,0.5238236440592774,-1.0185631531836019e-05,0.07317073170731714
2707.65766,0.524394711068803,-1.025587419310645e-05,0.07317073170731714
2704.7047,0.5249670265199303,-1.0206795586432006e-05,0.07317073170731714
2701.75175,0.5255405906221317,-1.0233299828022682e-05,0.07317073170731714
2698.7988,0.5261154094149534,-1.0303692813950211e-05,0.07317073170731714
2695.84585,0.52669148701992,-1.037416590725011e-05,0.07317073170731714
2692.89289,0.5272688295339018,-1.0281152155094873e-05,0.07317073170731714
2689.93994,0.5278474372044141,-1.0351696365328597e-05,0.07317073170731714
2686.98699,0.5284273161604849,-1.0422321137506074e-05,0.07317073170731714
2684.03403,0.5290084725667332,-1.0329189917842592e-05,0.07317073170731714
2681.08108,0.529590906699957,-1.039988628894328e-05,0.07317073170731714
2678.12813,0.5301746247574952,-1.0470663684819372e-05,0.07317073170731714
2675.17518,0.530759630989478,-1.0497472456655219e-05,0.07317073170731714
2672.22222,0.5313459316524759,-1.0448264054811915e-05,0.07317073170731714
2669.26927,0.5319335270633587,-1.0519194988354148e-05,0.07317073170731714
2666.31632,0.5325224235121839,-1.0546084684739022e-05,0.07317073170731714
2663.36336,0.5331126273257264,-1.049683112145591e-05,0.07317073170731714
2660.41041,0.5337041388517001,-1.056791655596963e-05,0.07317073170731714
2657.45746,0.5342969644509564,-1.0594887771566755e-05,0.07317073170731714
2654.5045,0.53489111052156,-1.0545588992218382e-05,0.07317073170731714
2651.55155,0.5354865774427645,-1.0616829884417093e-05,0.07317073170731714
2648.5986,0.536083371647313,-1.0643883204248644e-05,0.07317073170731714
2645.64565,0.536681497577887,-1.0715264897665159e-05,0.07317073170731714
2642.69269,0.5372809617293303,-1.0665936483542442e-05,0.07317073170731714
2639.73974,0.5378817645240572,-1.0693072511204993e-05,0.07317073170731714
2636.78679,0.5384839124924119,-1.0764611462683376e-05,0.07317073170731714
2633.83383,0.5390874122031445,-1.0715237900733579e-05,0.07317073170731714
2630.88088,0.5396922641118924,-1.0742457242425695e-05,0.07317073170731714
2627.92793,0.5402984748235377,-1.0814154427900257e-05,0.07317073170731714
2624.97497,0.5409060509818949,-1.0764735676861151e-05,0.07317073170731714
2622.02202,0.5415149930765736,-1.0836532847512481e-05,0.07317073170731714
2619.06907,0.5421253077881645,-1.0863895354809929e-05,0.07317073170731714
2616.11612,0.5427369997629299,-1.093583625599923e-05,0.07317073170731714
2613.16316,0.543350075746611,-1.0886388422804483e-05,0.07317073170731714
2610.21021,0.5439645362753082,-1.0913835847355361e-05,0.07317073170731714
2607.25726,0.5445803881324192,-1.0985937468110614e-05,0.07317073170731714
2604.3043,0.5451976381415408,-1.093644452747565e-05,0.07317073170731714
2601.35135,0.5458162868745606,-1.0963977495529906e-05,0.07317073170731714
2598.3984,0.5464363411934084,-1.1036240879143799e-05,0.07317073170731714
2595.44545,0.547057805893823,-1.1108589960557496e-05,0.07317073170731714
2592.49249,0.5476806879051345,-1.1014321932356715e-05,0.07317073170731714
2589.53954,0.548304987848207,-1.1086748104145672e-05,0.07317073170731714
2586.58659,0.5489307126916283,-1.115926046090779e-05,0.07317073170731714
2583.63363,0.5495578694455044,-1.1109693906700444e-05,0.07317073170731714
2580.68068,0.550186458768402,-1.1137460785334075e-05,0.07317073170731714
2577.72773,0.550816487710395,-1.1210137490793274e-05,0.07317073170731714
2574.77477,0.5514479633636601,-1.1160525890077638e-05,0.07317073170731714
2571.82182,0.552080886425318,-1.1188380616974821e-05,0.07317073170731714
2568.86887,0.5527152640282382,-1.1261222702247988e-05,0.07317073170731714
2565.91592,0.5533511011922821,-1.1334152251706185e-05,0.07317073170731714
2562.96296,0.5539884051211099,-1.1284512692989787e-05,0.07317073170731714
2560.01001,0.5546271765646086,-1.131251781611937e-05,0.07317073170731714
2557.05706,0.5552674227681222,-1.1385614336591921e-05,0.07317073170731714
2554.1041,0.5559091510205005,-1.1335929846785834e-05,0.07317073170731714
2551.15115,0.5565523621122518,-1.1364024553054554e-05,0.07317073170731714
2548.1982,0.5571970633746721,-1.1437289135452433e-05,0.07317073170731714
2545.24525,0.5578432599923357,-1.1510642470887477e-05,0.07317073170731714
2542.29229,0.5584909593698332,-1.1460930584522847e-05,0.07317073170731714
2539.33934,0.5591401623532705,-1.1489178404861764e-05,0.07317073170731714
2536.38639,0.5597908763907258,-1.1562701425432492e-05,0.07317073170731714
2533.43343,0.5604431089752474,-1.151294473514367e-05,0.07317073170731714
2530.48048,0.5610968609957443,-1.154128391414638e-05,0.07317073170731714
2527.52753,0.5617521399895535,-1.1614977738885656e-05,0.07317073170731714
2524.57457,0.5624089535396295,-1.156517623042193e-05,0.07317073170731714
2521.62162,0.5630673025786562,-1.1638978132579978e-05,0.07317073170731714
2518.66867,0.563727194734695,-1.1667473225948582e-05,0.07317073170731714
2515.71572,0.5643886354395243,-1.1741429609027025e-05,0.07317073170731714
2512.76276,0.5650516323982777,-1.1691601424323797e-05,0.07317073170731714
2509.80981,0.5657161866035564,-1.1765666964515336e-05,0.07317073170731714
2506.85686,0.5663823058067198,-1.17943196943866e-05,0.07317073170731714
2503.9039,0.5670499978063032,-1.1744446841146547e-05,0.07317073170731714
2500.95095,0.5677192636410399,-1.1818686718319585e-05,0.07317073170731714
2497.998,0.5683901111565516,-1.1847433792263283e-05,0.07317073170731714
2495.04505,0.569062545966468,-1.1921830550346842e-05,0.07317073170731714
2492.09209,0.5697365759962761,-1.1871931654646232e-05,0.07317073170731714
2489.13914,0.5704122023478575,-1.1946439405776707e-05,0.07317073170731714
2486.18619,0.5710894329949621,-1.197534702831128e-05,0.07317073170731714
2483.23323,0.5717682759601441,-1.1925403639930259e-05,0.07317073170731714
2480.28028,0.5724487323939076,-1.2000088637770768e-05,0.07317073170731714
2477.32733,0.5731308103679751,-1.2074866818312944e-05,0.07317073170731714
2474.37437,0.573814518003594,-1.1979104617772555e-05,0.07317073170731714
2471.42142,0.5744998565010005,-1.2053968061316431e-05,0.07317073170731714
2468.46847,0.5751868340315356,-1.2128925261078963e-05,0.07317073170731714
2465.51552,0.5758754564820253,-1.2203976490080993e-05,0.07317073170731714
2462.56256,0.5765657321078951,-1.2108079619101636e-05,0.07317073170731714
2459.60961,0.5772576621774634,-1.2183217060076439e-05,0.07317073170731714
2456.65666,0.5779512549975145,-1.2258449112328563e-05,0.07317073170731714
2453.7037,0.5786465189260928,-1.2208419336613487e-05,0.07317073170731714
2450.75075,0.5793434552839435,-1.2237744207791338e-05,0.07317073170731714
2447.7978,0.5800420724814438,-1.2313158307782452e-05,0.07317073170731714
2444.84484,0.5807423789809986,-1.226308438330702e-05,0.07317073170731714
2441.89189,0.5814443761569817,-1.2338613807690633e-05,0.07317073170731714
2438.93894,0.5821480725251263,-1.2368106132215686e-05,0.07317073170731714
2435.98599,0.5828534742622792,-1.2443799605962129e-05,0.07317073170731714
2433.03303,0.5835605899727663,-1.2393701584689651e-05,0.07317073170731714
2430.08008,0.5842694211043842,-1.246951158054032e-05,0.07317073170731714
2427.12713,0.5849799763161495,-1.2545418306254345e-05,0.07317073170731714
2424.17417,0.5856922643209581,-1.2449031317951886e-05,0.07317073170731714
2421.22122,0.5864062866231516,-1.2525027291076515e-05,0.07317073170731714
2418.26827,0.5871220519913651,-1.26011206124765e-05,0.07317073170731714
2415.31532,0.5878395668161388,-1.2677311558218475e-05,0.07317073170731714
2412.36236,0.5885588399580409,-1.2580788353638274e-05,0.07317073170731714
2409.40941,0.5892798729988363,-1.2657069562126226e-05,0.07317073170731714
2406.45646,0.5900026748562672,-1.2733449018411037e-05,0.07317073170731714
2403.5035,0.5907272545038924,-1.2683268563299231e-05,0.07317073170731714
2400.55055,0.5914536135831078,-1.2759767526893215e-05,0.07317073170731714
2397.5976,0.5921817611257512,-1.278983660033114e-05,0.07317073170731714
2394.64464,0.592911706220335,-1.2739612644021144e-05,0.07317073170731714
2391.69169,0.5936434505692624,-1.2816302270926465e-05,0.07317073170731714
2388.73874,0.5943770033204551,-1.289309147413012e-05,0.07317073170731714
2385.78579,0.5951123711860209,-1.2923336741329365e-05,0.07317073170731714
2382.83283,0.5958495634108706,-1.2873090709329762e-05,0.07317073170731714
2379.87988,0.5965885817809506,-1.2950072569146143e-05,0.07317073170731714
2376.92693,0.5973294356021276,-1.3027154942359736e-05,0.07317073170731714
2373.97397,0.5980721342390123,-1.2976894732330268e-05,0.07317073170731714
2371.02102,0.5988166795419039,-1.300731095819133e-05,0.07317073170731714
2368.06807,0.5995630809375605,-1.3084587991906101e-05,0.07317073170731714
2365.11512,0.6003113453752834,-1.3161966498685285e-05,0.07317073170731714
2362.16216,0.6010614823825717,-1.3111685281458524e-05,0.07317073170731714
2359.20921,0.6018134938978567,-1.318918768908636e-05,0.07317073170731714
2356.25626,0.6025673895124156,-1.3219857252138111e-05,0.07317073170731714
2353.3033,0.6033231788784393,-1.3169533289553197e-05,0.07317073170731714
2350.35035,0.6040808640022529,-1.3247233313622994e-05,0.07317073170731714
2347.3974,0.6048404546010825,-1.3325036188781215e-05,0.07317073170731714
2344.44444,0.605601960454028,-1.3274699124905624e-05,0.07317073170731714
2341.49149,0.60636538363689,-1.3305545106991665e-05,0.07317073170731714
2338.53854,0.6071307339950894,-1.3383547691696366e-05,0.07317073170731714
2335.58559,0.6078980188352526,-1.3461654127265907e-05,0.07317073170731714
2332.63263,0.6086672481092279,-1.341129747326435e-05,0.07317073170731714
2329.67968,0.6094384239879759,-1.3489531083561845e-05,0.07317073170731714
2326.72673,0.6102115564914272,-1.3567869282628733e-05,0.07317073170731714
2323.77377,0.6109866557037075,-1.3470238659591906e-05,0.07317073170731714
2320.82082,0.6117637238690968,-1.3548675038136896e-05,0.07317073170731714
2317.86787,0.6125427711411604,-1.3627216711822151e-05,0.07317073170731714
2314.91491,0.6133238077386877,-1.3576805928849476e-05,0.07317073170731714
2311.96196,0.6141068359809947,-1.3655476766107429e-05,0.07317073170731714
2309.00901,0.6148918661576995,-1.3686841099690524e-05,0.07317073170731714
2306.05606,0.6156789059560174,-1.3765694048194868e-05,0.07317073170731714
2303.1031,0.6164679657780939,-1.3715265187845797e-05,0.07317073170731714
2300.15015,0.617259048046039,-1.379424871991332e-05,0.07317073170731714
2297.1972,0.6180521632347302,-1.3873339351377032e-05,0.07317073170731714
2294.24424,0.6188473218867548,-1.3822899512127773e-05,0.07317073170731714
2291.29129,0.6196445265034357,-1.3854526369238564e-05,0.07317073170731714
2288.33834,0.6204437877015593,-1.3933825861784165e-05,0.07317073170731714
2285.38539,0.6212451134495747,-1.4013233506385373e-05,0.07317073170731714
2282.43243,0.6220485144813329,-1.3962776893323303e-05,0.07317073170731714
2279.47948,0.6228539934066848,-1.4042317663635355e-05,0.07317073170731714
2276.52653,0.6236615610356907,-1.4121967395848853e-05,0.07317073170731714
2273.57357,0.6244712282487306,-1.4071500811334021e-05,0.07317073170731714
2270.62062,0.6252829977392967,-1.4103473298178036e-05,0.07317073170731714
2267.66767,0.6260968804655289,-1.4183335921580093e-05,0.07317073170731714
2264.71471,0.6269128874570443,-1.4132828684541866e-05,0.07317073170731714
2261.76176,0.6277310214929565,-1.4212826577078656e-05,0.07317073170731714
2258.80881,0.6285512936822297,-1.4292934988222538e-05,0.07317073170731714
2255.85586,0.6293737124177704,-1.4373154244781787e-05,0.07317073170731714
2252.9029,0.6301982889325002,-1.4322663354356633e-05,0.07317073170731714
2249.94995,0.6310250261228598,-1.4354989020194005e-05,0.07317073170731714
2246.997,0.6318539353032945,-1.4435425339923618e-05,0.07317073170731714
2244.04404,0.6326850278625269,-1.4384894450637622e-05,0.07317073170731714
2241.09109,0.6335183067874375,-1.4465468718601981e-05,0.07317073170731714
2238.13814,0.6343537835499511,-1.4546155454755982e-05,0.07317073170731714
2235.18519,0.6351914668570003,-1.462695498618755e-05,0.07317073170731714
2232.23223,0.6360313683096003,-1.4576442332862411e-05,0.07317073170731714
2229.27928,0.6368734910185777,-1.4609128966683194e-05,0.07317073170731714
2226.32633,0.6377178466704518,-1.469014983637148e-05,0.07317073170731714
2223.37337,0.6385644470289626,-1.4639597877418026e-05,0.07317073170731714
2220.42042,0.6394132953004907,-1.472075948699076e-05,0.07317073170731714
2217.46747,0.6402644033360562,-1.480203555187612e-05,0.07317073170731714
2214.51451,0.6411177830652077,-1.4751476655248634e-05,0.07317073170731714
2211.56156,0.641973437792167,-1.4832894679900228e-05,0.07317073170731714
2208.60861,0.642831379535582,-1.4914428041452235e-05,0.07317073170731714
2205.65566,0.6436916174769198,-1.4996077076020203e-05,0.07317073170731714
2202.7027,0.6445541637717285,-1.4896996634430873e-05,0.07317073170731714
2199.74975,0.6454190218583462,-1.4978756851184573e-05,0.07317073170731714
2196.7968,0.646286203983917,-1.50606335851385e-05,0.07317073170731714
2193.84384,0.6471557224772766,-1.5010057573681732e-05,0.07317073170731714
2190.89089,0.6480275808801779,-1.509207915127525e-05,0.07317073170731714
2187.93794,0.6489017916149784,-1.517421814850901e-05,0.07317073170731714
2184.98498,0.6497783671871341,-1.5123636980367064e-05,0.07317073170731714
2182.03203,0.6506573112443065,-1.5205922104369433e-05,0.07317073170731714
2179.07908,0.651538636387447,-1.528832555718167e-05,0.07317073170731714
2176.12613,0.6524223523053301,-1.5370847715735404e-05,0.07317073170731714
2173.17317,0.6533084717442263,-1.5320290657251867e-05,0.07317073170731714
2170.22022,0.6541969984970017,-1.5354056406474007e-05,0.07317073170731714
2167.26727,0.6550879454081323,-1.543681287594285e-05,0.07317073170731714
2164.31431,0.6559813254085962,-1.538621882404307e-05,0.07317073170731714
2161.36136,0.6568771424032476,-1.546912443879913e-05,0.07317073170731714
2158.40841,0.6577754094233614,-1.5552150552251902e-05,0.07317073170731714
2155.45546,0.6586761365337914,-1.563529756077411e-05,0.07317073170731714
2152.5025,0.6595793369174171,-1.5584729847291603e-05,0.07317073170731714
2149.54955,0.6604850146326551,-1.5668027906619466e-05,0.07317073170731714
2146.5966,0.6613931829655533,-1.5751447790950565e-05,0.07317073170731714
2143.64364,0.6623038552922481,-1.5700877812240247e-05,0.07317073170731714
2140.69069,0.6632170357896079,-1.5784450113623728e-05,0.07317073170731714
2137.73774,0.6641327379391547,-1.5868145222218993e-05,0.07317073170731714
2134.78478,0.6650509753140951,-1.5817573604851407e-05,0.07317073170731714
2131.83183,0.6659717522126439,-1.5901422506322154e-05,0.07317073170731714
2128.87888,0.6668950823156666,-1.5985395191607842e-05,0.07317073170731714
2125.92593,0.6678209762575043,-1.6020081103426237e-05,0.07317073170731714
2122.97297,0.6687494478802148,-1.596950515138106e-05,0.07317073170731714
2120.02002,0.6696805016484475,-1.6053723384549612e-05,0.07317073170731714
2117.06707,0.6706141515150414,-1.613806674052342e-05,0.07317073170731714
2114.11411,0.6715504115283879,-1.608749062863098e-05,0.07317073170731714
2111.16116,0.6724892862815449,-1.617199103014394e-05,0.07317073170731714
2108.20821,0.6734307899360965,-1.6256617542439638e-05,0.07317073170731714
2105.25526,0.6743749335491274,-1.6341370594062238e-05,0.07317073170731714
2102.3023,0.6753217314505862,-1.6290826961929732e-05,0.07317073170731714
2099.34935,0.6762711884096805,-1.6375739116237196e-05,0.07317073170731714
2096.3964,0.6772233188728654,-1.6460778829456996e-05,0.07317073170731714
2093.44344,0.6781781373862261,-1.641023681145929e-05,0.07317073170731714
2090.49049,0.6791356488548986,-1.6495437104154013e-05,0.07317073170731714
2087.53754,0.6800958679440352,-1.6580765984096146e-05,0.07317073170731714
2084.58458,0.6810588094202346,-1.6530226305112724e-05,0.07317073170731714
2081.63163,0.6820244783279317,-1.661571724821659e-05,0.07317073170731714
2078.67868,0.6829928895554193,-1.6701337852190094e-05,0.07317073170731714
2075.72573,0.6839640548008233,-1.6787088531483834e-05,0.07317073170731714
2072.77277,0.6849379891317601,-1.6736585373771198e-05,0.07317073170731714
2069.81982,0.6859146977837984,-1.6822500280162053e-05,0.07317073170731714
2066.86687,0.6868941959498582,-1.690854631831827e-05,0.07317073170731714
2063.91391,0.6878764989287132,-1.6858047395625554e-05,0.07317073170731714
2060.96096,0.688861612103461,-1.6944259199852705e-05,0.07317073170731714
2058.00801,0.68984955090097,-1.7030603247430275e-05,0.07317073170731714
2055.05506,0.6908403274958989,-1.711707996115795e-05,0.07317073170731714
2052.1021,0.6918339575026493,-1.7066620666742938e-05,0.07317073170731714
2049.14915,0.6928304465067822,-1.715326537403253e-05,0.07317073170731714
2046.1962,0.6938298102546302,-1.7240043847097496e-05,0.07317073170731714
2043.24324,0.6948320646030361,-1.71895907795075e-05,0.07317073170731714
2040.29029,0.695837215293862,-1.727653883813687e-05,0.07317073170731714
2037.33734,0.6968452783188478,-1.7363621804404766e-05,0.07317073170731714
2034.38438,0.69785626978232,-1.731317575932663e-05,0.07317073170731714
2031.43143,0.698870195586377,-1.7400429916797704e-05,0.07317073170731714
2028.47848,0.6998870719732885,-1.7487820111274224e-05,0.07317073170731714
2025.52553,0.7009069118413722,-1.7625966865159958e-05,0.07317073170731714
2022.57257,0.701929731633,-1.7575601907793793e-05,0.07317073170731714
2019.61962,0.702955537470234,-1.7663339129023576e-05,0.07317073170731714
2016.66667,0.7039843459375774,-1.7751214088721533e-05,0.07317073170731714
2013.71371,0.7050161737371609,-1.7700858541952886e-05,0.07317073170731714
2010.76076,0.7060510271609036,-1.778890886339945e-05,0.07317073170731714
2007.80781,0.7070889230563077,-1.7877098095057795e-05,0.07317073170731714
2004.85485,0.708129878390752,-1.782675281310601e-05,0.07317073170731714
2001.9019,0.7091738996303314,-1.7915119117778677e-05,0.07317073170731714
1998.94895,0.7102210038911243,-1.8003625525009032e-05,0.07317073170731714
1995.996,0.7112712048496842,-1.8092272502250137e-05,0.07317073170731714
1993.04304,0.7123245198358407,-1.8041976559705496e-05,0.07317073170731714
1990.09009,0.7133809555548539,-1.8130803059398085e-05,0.07317073170731714
1987.13714,0.7144405294898318,-1.8270877744237217e-05,0.07317073170731714
1984.18418,0.715503259249225,-1.8220632358983894e-05,0.07317073170731714
1981.23123,0.7165691517230308,-1.830982000976263e-05,0.07317073170731714
1978.27828,0.7176382246765219,-1.839915076691257e-05,0.07317073170731714
1975.32533,0.7187104923661531,-1.848862512738168e-05,0.07317073170731714
1972.37237,0.7197859727812039,-1.843843311963112e-05,0.07317073170731714
1969.41942,0.7208646730653924,-1.852809146321442e-05,0.07317073170731714
1966.46647,0.7219466113696972,-1.861789467565222e-05,0.07317073170731714
1963.51351,0.7230318059762287,-1.8567717907087205e-05,0.07317073170731714
1960.56056,0.7241202642247253,-1.8709158328571065e-05,0.07317073170731714
1957.60761,0.725212004562772,-1.8799332242554317e-05,0.07317073170731714
1954.65465,0.7263070455716709,-1.874921057274574e-05,0.07317073170731714
1951.7017,0.7274053947922512,-1.88395723137878e-05,0.07317073170731714
1948.74875,0.7285070709751705,-1.8930081577239098e-05,0.07317073170731714
1945.7958,0.7296120892596953,-1.9020738859805238e-05,0.07317073170731714
1942.84284,0.7307204686362402,-1.897067636180925e-05,0.07317073170731714
1939.88989,0.7318322169218987,-1.9113248783438218e-05,0.07317073170731714
1936.93694,0.7329473532817843,-1.9204285307319597e-05,0.07317073170731714
1933.98398,0.7340658970210182,-1.9154281394299565e-05,0.07317073170731714
1931.03103,0.7351878561701982,-1.9245510520192113e-05,0.07317073170731714
1928.07808,0.7363132502132832,-1.9336890419219784e-05,0.07317073170731714
1925.12513,0.7374420949484212,-1.942842163360965e-05,0.07317073170731714
1922.17217,0.7385744101111862,-1.9430443724199706e-05,0.07317073170731714
1919.21922,0.7397102040255591,-1.9522210249465015e-05,0.07317073170731714
1916.26627,0.7408494966116521,-1.961412952702427e-05,0.07317073170731714
1913.31331,0.7419923079362594,-1.956425153178361e-05,0.07317073170731714
1910.36036,0.7431386465501462,-1.965636837301318e-05,0.07317073170731714
1907.40741,0.7442885327090614,-1.9800802291284104e-05,0.07317073170731714
1904.45445,0.7454419868184201,-1.9750988217480197e-05,0.07317073170731714
1901.5015,0.7465990176617469,-1.9843499277488415e-05,0.07317073170731714
1898.54855,0.7477596458379545,-1.993616597235683e-05,0.07317073170731714
1895.5956,0.748923888149904,-2.0028988884820068e-05,0.07317073170731714
1892.64264,0.7500917654663712,-2.0031611262835757e-05,0.07317073170731714
1889.68969,0.7512632868908277,-2.0124677726494468e-05,0.07317073170731714
1886.73674,0.7524384734918069,-2.0217901932187376e-05,0.07317073170731714
1883.78378,0.7536173464947794,-2.0168226280594645e-05,0.07317073170731714
1880.83083,0.7547999152506178,-2.0314185429859383e-05,0.07317073170731714
1877.87788,0.7559862011894035,-2.040781506611272e-05,0.07317073170731714
1874.92492,0.7571762259014077,-2.0358209051426185e-05,0.07317073170731714
1871.97197,0.7583699989914958,-2.0452046009983916e-05,0.07317073170731714
1869.01902,0.7595675422595435,-2.05987393074611e-05,0.07317073170731714
1866.06607,0.7607688735942805,-2.069294003351069e-05,0.07317073170731714
1863.11311,0.7619740150853829,-2.0643453733989226e-05,0.07317073170731714
1860.16016,0.7631829766869714,-2.073786506276918e-05,0.07317073170731714
1857.20721,0.76439578070521,-2.088530212792942e-05,0.07317073170731714
1854.25425,0.7656124496143858,-2.083588995954883e-05,0.07317073170731714
1851.3013,0.7668329936387779,-2.0930719236697988e-05,0.07317073170731714
1848.34835,0.7680574354745011,-2.102571309823209e-05,0.07317073170731714
1845.3954,0.7692857938229265,-2.117390373649342e-05,0.07317073170731714
1842.44244,0.7705180916850325,-2.112461782279986e-05,0.07317073170731714
1839.48949,0.7717543396566747,-2.1220035689659944e-05,0.07317073170731714
1836.53654,0.772994560968023,-2.1368779661903258e-05,0.07317073170731714
1833.58358,0.7742387790258103,-2.1319572599826634e-05,0.07317073170731714
1830.63063,0.7754870047133903,-2.1415418899314173e-05,0.07317073170731714
1827.67768,0.7767392616724015,-2.151143374547168e-05,0.07317073170731714
1824.72472,0.7779955737248275,-2.1515595331620464e-05,0.07317073170731714
1821.77177,0.7792559520493342,-2.161187469332722e-05,0.07317073170731714
1818.81882,0.7805204207086945,-2.1708324315909065e-05,0.07317073170731714
1815.86587,0.7817889996469579,-2.185840563170391e-05,0.07317073170731714
1812.91291,0.7830617132550206,-2.18094154310753e-05,0.07317073170731714
1809.95996,0.7843385731178728,-2.1906304502284356e-05,0.07317073170731714
1807.00701,0.785619603875319,-2.2003366268947595e-05,0.07317073170731714
1804.05405,0.786904830356742,-2.2008053559665136e-05,0.07317073170731714
1801.1011,0.7881942644616331,-2.210538684192507e-05,0.07317073170731714
1798.14815,0.7894879312745868,-2.220289457907587e-05,0.07317073170731714
1795.1952,0.7907858516713551,-2.235434491991122e-05,0.07317073170731714
1792.24224,0.7920880510822677,-2.2305584037988328e-05,0.07317073170731714
1789.28929,0.79339454183966,-2.2403542608725996e-05,0.07317073170731714
1786.33634,0.7947053496377744,-2.2555578660807348e-05,0.07317073170731714
1783.38338,0.7960205003702736,-2.2506909022394095e-05,0.07317073170731714
1780.43043,0.7973400067046121,-2.260532335952122e-05,0.07317073170731714
1777.47748,0.7986638948051229,-2.270391648913526e-05,0.07317073170731714
1774.52452,0.7999921910399751,-2.2709374965646195e-05,0.07317073170731714
1771.57157,0.8013249084210461,-2.2808250073312836e-05,0.07317073170731714
1768.61862,0.8026620735941398,-2.2907305850119797e-05,0.07317073170731714
1765.66567,0.8040037088624696,-2.3060757935057906e-05,0.07317073170731714
1762.71271,0.8053498412448363,-2.3012336192906707e-05,0.07317073170731714
1759.75976,0.8067004842273315,-2.3111859744238133e-05,0.07317073170731714
1756.80681,0.8080556651160089,-2.3265917960536162e-05,0.07317073170731714
1753.85385,0.809415411431556,-2.321759541131288e-05,0.07317073170731714
1750.9009,0.8107797370273626,-2.3317591944979596e-05,0.07317073170731714
1747.94795,0.8121486697188444,-2.3417773724473518e-05,0.07317073170731714
1744.99499,0.8135222375408993,-2.3433140670263267e-05,0.07319915478048777
1742.04204,0.8149004547245459,-2.3555431573984067e-05,0.07326689024390243
1739.08909,0.816283349607117,-2.367581613924207e-05,0.07332756419512199
1736.13614,0.8176709460434114,-2.3849397145992692e-05,0.07338209882926838
1733.18318,0.8190632727737562,-2.381719350769747e-05,0.07343139780487806
1730.23023,0.8204603445493209,-2.3933340108557548e-05,0.0734763388292683
1727.27728,0.8218621904235182,-2.4103723119831896e-05,0.0735177569756098
1724.32432,0.82326883968111,-2.406820730216936e-05,0.0735564437560976
1721.37137,0.8246803074763138,-2.418243857998416e-05,0.07359313507317067
1718.41842,0.8260966234152592,-2.4351827715437617e-05,0.07362850565853662
1715.46547,0.8275178125197007,-2.4466051438564372e-05,0.07366317278048773
1712.51251,0.8289439048215644,-2.442939930246028e-05,0.0736976888292683
1709.55956,0.8303749160304013,-2.4599590025017257e-05,0.07373254873170743
1706.60661,0.8318108765109546,-2.4714891904137752e-05,0.07376819273170732
1703.65365,0.833251816872008,-2.4679155347156416e-05,0.07380500824390246
1700.7007,0.8346977532535539,-2.4851500305812017e-05,0.07384334004878057
1697.74775,0.8361487166061,-2.496909803368762e-05,0.07388349585365861
1694.79479,0.8376047381299008,-2.499125471916392e-05,0.07392575370731702
1691.84184,0.839065834407779,-2.5110860723170182e-05,0.07397037034146337
1688.88889,0.8405320369909054,-2.523168073433318e-05,0.07401758673170733
1685.93594,0.8420033726947568,-2.540996694017333e-05,0.07406763273170736
1682.98298,0.8434798735317385,-2.5380267549706854e-05,0.07412073912195127
1680.03003,0.8449615566950938,-2.5561464784243842e-05,0.07417713482926835
1677.07708,0.8464484545608596,-2.568800948559848e-05,0.0742370914146342
1674.12412,0.84794059976881,-2.566213415830894e-05,0.07430076643902439
1671.17117,0.8494380099855446,-2.5848508386274587e-05,0.07436848058536594
1668.21822,0.8509407182243673,-2.598025163488703e-05,0.07444050170731709
1665.26527,0.8524487526526914,-2.617087293019985e-05,0.07451711897560975
1662.31231,0.8539621467720635,-2.6151655774971046e-05,0.07459863917073173
1659.35936,0.8554809189017973,-2.634675570487782e-05,0.07468539131707319
1656.40641,0.8570051029306687,-2.6487331977397496e-05,0.07477772668292682
1653.45345,0.8585347330261845,-2.6474259233498445e-05,0.0748760224878049
1650.5005,0.8600698280139788,-2.6677310739487285e-05,0.07498068375609757
1647.54755,0.8616104224594553,-2.6825981383780483e-05,0.07509214331707315
1644.59459,0.863156551213504,-2.6878167502227433e-05,0.07521086458536586
1641.64164,0.8647082336230074,-2.7033083104250532e-05,0.07533733970731715
1638.68869,0.8662655049477715,-2.7249614337287096e-05,0.07547209419512191
1635.73574,0.8678283954378609,-2.7412076181743213e-05,0.07561568970731714
1632.78278,0.8693969408834141,-2.7477886931685185e-05,0.07576872960975611
1629.82983,0.8709711613504152,-2.7648479156014762e-05,0.07593185526829271
1626.87688,0.8725510930531798,-2.7882458276108785e-05,0.07610575531707309
1623.92392,0.8741367725080939,-2.7902211572702962e-05,0.07629116843902439
1620.97097,0.8757282203392333,-2.814651049731023e-05,0.07648888521951225
1618.01802,0.8773254734990534,-2.833754248830488e-05,0.0766997574146342
1615.06507,0.8789285638108618,-2.8594232446762086e-05,0.07692467570731709
1612.11211,0.880537528789614,-2.8694806501860985e-05,0.07716457341463423
1609.15916,0.8821523898295869,-2.8905111454524834e-05,0.0774204264878049
1606.20621,0.8837731848982838,-2.9183140388020753e-05,0.07769328039024392
1603.25325,0.885399952283095,-2.9243731567660147e-05,0.07798432146341461
1600.3003,0.8870327139762604,-2.9538199274324368e-05,0.07829486024390253
1597.34735,0.8886715087305648,-2.9842376538065007e-05,0.07862632497560973
1594.39439,0.890316375626719,-2.9927530386153776e-05,0.07898011517073167
1591.44144,0.8919673372730114,-3.0251859005842883e-05,0.07935757473170735
1588.48849,0.8936244332288308,-3.0525558023628306e-05,0.079760028097561
1585.53554,0.895287697746752,-3.087358564693962e-05,0.08018894151219513
1582.58258,0.8969571709989383,-3.1062902977472805e-05,0.08064616863414642
1579.62963,0.8986328764443067,-3.1437370094672814e-05,0.0811338383902439
1576.67668,0.9003148547521156,-3.1763223536821005e-05,0.08165431048780492
1573.72372,0.9020031469393247,-3.1993230558121914e-05,0.08220969253658539
1570.77077,0.9036977771256046,-3.241510225860327e-05,0.08280192253658536
1567.81782,0.9053987868393795,-3.285532524845121e-05,0.08343280780487805
1564.86486,0.9071062179657062,-3.3068379422859e-05,0.08410435307317077
1561.91191,0.9088200953053074,-3.354639031198678e-05,0.08481900424390243
1558.95896,0.9105404612695709,-3.4046344266434424e-05,0.08557944634146353
1556.00601,0.912267352776628,-3.456973190734674e-05,0.08638857385365861
1553.05305,0.9140008129066122,-3.493022922965998e-05,0.08724931926829271
1550.1001,0.9157408674011431,-3.55030198475862e-05,0.08816475131707313
1547.14715,0.9174875598873143,-3.6033421171375044e-05,0.08913807868292678
1544.19419,0.9192409343708444,-3.646856051222877e-05,0.09017223014634146
1541.24124,0.9210010173246307,-3.712697977425303e-05,0.09126954131707321
1538.28829,0.9227678533174576,-3.781757259673688e-05,0.09243177409756098
1535.33534,0.9245414812888441,-3.8541557231533244e-05,0.0936607274634147
1532.38238,0.926321946519302,-3.9094840743125627e-05,0.09495941360975602
1529.42943,0.9281092764924157,-3.9964838309265164e-05,0.09633197453658537
1526.47648,0.9299035170741221,-4.079919049975044e-05,0.09778335117073178
1523.52352,0.9317047145327085,-4.1459888615535996e-05,0.09931780692682923
1520.57057,0.9335128971375938,-4.2376861581420516e-05,0.10093827521951215
1517.61762,0.9353281117599571,-4.3339249685214276e-05,0.10264679692682932
1514.66466,0.9371504056840647,-4.4120705772225714e-05,0.10444503570731711
1511.71171,0.9389798079899837,-4.525897320884667e-05,0.10633497682926829
1508.75876,0.9408163665829633,-4.6363451786096445e-05,0.10831872234146345
1505.80581,0.942660123536423,-4.760788464153349e-05,0.1103983983902439
1502.85285,0.9445111275348516,-4.8572250427439624e-05,0.11257621917073168
1499.8999,0.9463694087793597,-4.98327120784396e-05,0.11485454531707318
1496.94695,0.9482350166005545,-5.124405157071775e-05,0.1172358533170732
1493.99399,0.9501080007686186,-5.2455139405735435e-05,0.11972252048780485
1491.04104,0.9519883923568214,-5.388899591698511e-05,0.12231653858536584
1488.08809,0.9538762418011147,-5.548528447669105e-05,0.12501951936585365
1485.13514,0.9557715935577702,-5.714927684811219e-05,0.12783276409756106
1482.18218,0.9576744988939929,-5.859436811802741e-05,0.13075725151219508
1479.22923,0.9595849900896769,-6.028308351306473e-05,0.1337936276097561
1476.27628,0.9615031191051141,-6.214921989504114e-05,0.1369422297560976
1473.32332,0.963428938368824,-6.377837906007483e-05,0.1402032664878049
1470.37037,0.965362481099847,-6.57839422277626e-05,0.14357700658536587
1467.41742,0.9673038004411579,-6.786484659382122e-05,0.14706381707317073
1464.46446,0.9692529500169523,-6.981088780335303e-05,0.15066389536585367
1461.51151,0.9712099640159413,-7.204071497458981e-05,0.15437702829268296
1458.55856,0.9731748967989335,-7.434899768521488e-05,0.15820256614634143
1455.60561,0.9751477965267482,-7.68687834933109e-05,0.1621395413170732
1452.65265,0.9771287184734262,-7.896967400500083e-05,0.16618698526829268
1449.6997,0.9791176981700624,-8.165106608814974e-05,0.17034420195121958
1446.74675,0.9811147916581405,-8.427843184525431e-05,0.17461077614634157
1443.79379,0.9831200554924866,-8.67353501668745e-05,0.17898604609756097
1440.84084,0.9851335262496795,-8.967235434362736e-05,0.1834687856097561
1437.88789,0.9871552612761235,-9.25461624825644e-05,0.18805727448780485
1434.93493,0.98918531844615,-9.523020028152031e-05,0.1927493736097562
1431.98198,0.9912237354164076,-9.842664547487376e-05,0.1975429327317073
1429.02903,0.9932705708778514,-0.0001017151726067459,0.2024360750243902
1426.07608,0.9953258770898885,-0.00010526727130014335,0.2074270089268293
1423.12312,0.9973897137489068,-0.00010826779932054275,0.212513929902439
1420.17017,0.9994621200077679,-0.00011182763384310304,0.21769489809756104
1417.21722,1.0015431564143609,-0.00011566535799296303,0.2229678077560976
1414.26426,1.0036328840806028,-0.00011890184775790902,0.2283304428292683
1411.31131,1.0057313433254316,-0.0001229282517384265,0.23378054648780489
1408.35836,1.0078385961395937,-0.00012705797877077626,0.23931585634146346
1405.40541,1.0099546979131713,-0.00013129131995036098,0.24493411463414627
1402.45245,1.0120797117137812,-0.00013485234958170498,0.2506331034634147
1399.4995,1.014213679476501,-0.00013948840595863287,0.25641071336585364
1396.54655,1.0163566651858573,-0.00014402037822265217,0.2622648849268292
1393.59359,1.0185087334296439,-0.0001480471558555302,0.2681932899512195
1390.64064,1.0206699274030973,-0.00015277328863071932,0.27419298853658536
1387.68769,1.0228403126407781,-0.00015783680297983812,0.28026033175609755
1384.73473,1.025019955298371,-0.00016236031836423665,0.2863914408292684
1381.78178,1.027208899874281,-0.00016738951336686347,0.2925830468292684
1378.82883,1.029407213501982,-0.00017277070916975397,0.2988329735609756
1375.87588,1.0316149564621613,-0.0001782647330333746,0.30513965653658537
1372.92292,1.0338321970784212,-0.0001831586381388025,0.3115014747317074
1369.96997,1.0360589816566148,-0.0001891308718698972,0.3179161574146342
1367.01702,1.0382953795414036,-0.00019495395945675947,0.3243808814634147
1364.06406,1.0405414607428753,-0.000200407748078203,0.33089264765853665
1361.11111,1.042797272977239,-0.00020644405357291348,0.3374485633658537
1358.15816,1.0450628873095977,-0.00021288169376882727,0.34404597321951214
1355.20521,1.047338367768105,-0.00021944137970563487,0.3506823312195122
1352.25225,1.0496237866960871,-0.000225600731153804,0.3573551988780488
1349.2993,1.051919193766893,-0.00023239297333823124,0.36406221370731706
1346.34635,1.0542246624262575,-0.00023930598881599622,0.37080105863414636
1343.39339,1.0565402668336537,-0.00024578595164795124,0.37756941102439023
1340.44044,1.058866058190403,-0.0002532551950487906,0.38436489541463426
1337.48749,1.0612021117956059,-0.0002608557275180526,0.3911850723902439
1334.53453,1.0635485036841392,-0.0002676624613562184,0.3980274877073171
1331.58158,1.0659052866391865,-0.00027585199511725203,0.404889748292683
1328.62863,1.0682725378739777,-0.00028383154328080957,0.41176955190243913
1325.67568,1.0706503272902386,-0.00029229752709082466,0.41866467414634156
1322.72272,1.0730387335196605,-0.00029991106309807243,0.42557292214634146
1319.76977,1.0754378115422796,-0.0003086397428064024,0.43249211136585364
1316.81682,1.077847641222245,-0.0003178841248679766,0.4394200711707317
1313.86386,1.0802683032142963,-0.0003262343855930803,0.4463546735609757
1310.91091,1.0826998542149482,-0.00033537210849152144,0.45329385634146346
1307.95796,1.0851423761539294,-0.00034543826605914265,0.4602356277560975
1305.00501,1.0875959434489457,-0.0003552627917556498,0.4671780414634147
1302.05205,1.0900606395577215,-0.0003645287320796198,0.474119174292683
1299.0991,1.0925365235619346,-0.0003750509553431959,0.4810571086341464
1296.14615,1.0950236802537632,-0.00038573122194982717,0.487989938
1293.19319,1.097522195275962,-0.00039540081397744715,0.49491579668292685
1290.24024,1.100032129574896,-0.00040681116569575657,0.501832871804878
1287.28729,1.1025535701745532,-0.00041838922531547734,0.5087394051707317
1284.33433,1.1050866049769323,-0.00042936101004170625,0.5156336747317073
1281.38138,1.1076312968611568,-0.00044125973788456345,0.5225139751219512
1278.42843,1.110187735159207,-0.00045378338065042874,0.5293786065365853
1275.47548,1.1127560013922084,-0.0004669500781478266,0.5362258802926829
1272.52252,1.1153361865952711,-0.00047853856872285465,0.5430541280975609
1269.56957,1.1179283563354976,-0.0004920540545119014,0.5498617029756098
1266.61662,1.12053260314621,-0.0005062406124988407,0.5566469811219512
1263.66366,1.1231490205071601,-0.0005192780947883707,0.5634083952682927
1260.71071,1.125777676088681,-0.0005338365289786019,0.5701444643414635
1257.75776,1.128418664922471,-0.000548587334636394,0.5768538055121951
1254.8048,1.1310720830179979,-0.0005631568487029638,0.5835350850731708
1251.85185,1.1337380002272415,-0.0005788019287228817,0.5901869479999999
1248.8989,1.1364165141676659,-0.0005951726978796673,0.5968079818048782
1245.94595,1.1391077143319643,-0.0006117542909667821,0.6033967276585366
1242.99299,1.1418117002411725,-0.0006276153153365005,0.6099517471219512
1240.04004,1.144528544784099,-0.0006456908501079466,0.6164716490243902
1237.08709,1.1472583491683126,-0.000663996171731734,0.6229550968780488
1234.13413,1.1500012156574446,-0.000681008901204416,0.6294007884878049
1231.18118,1.1527572195186424,-0.0007003132558343914,0.6358074485365854
1228.22823,1.1555264647639927,-0.0007204230714563114,0.6421738285853659
1225.27528,1.158309047051817,-0.0007407779345768233,0.648498708
1222.32232,1.1611050724554752,-0.0007603691286939886,0.6547808809756097
1219.36937,1.1639146195548977,-0.0007823732052390435,0.6610191454146341
1216.41642,1.1667377962587362,-0.0008046385999415382,0.6672123038536586
1213.46346,1.169574711617919,-0.0008261238745793495,0.6733591829268293
1210.51051,1.1724254468085464,-0.0008501072109038317,0.6794586500487805
1207.55756,1.1752901127853606,-0.0008743666754115641,0.6855096143414634
1204.6046,1.178168821684987,-0.000898448758747178,0.6915110182926829
1201.65165,1.181061657380173,-0.0009244977561213184,0.6974618247804878
1198.6987,1.1839687339829577,-0.000951468519258883,0.703361007804878
1195.74575,1.1868901569109396,-0.0009787367556591462,0.7092075617560976
1192.79279,1.1898260425915288,-0.0010058307350912644,0.7150004930731708
1189.83984,1.192776478657281,-0.0010356278773415429,0.7207388193170732
1186.88689,1.1957415836115508,-0.001066401456303235,0.7264215682439024
1183.93393,1.1987214772388197,-0.0010956973031526385,0.7320477972682926
1180.98098,1.2017162501210468,-0.0011284402596046562,0.7376166092195122
1178.02803,1.2047260241980846,-0.0011621976150182059,0.7431271616097561
1175.07508,1.207750912467255,-0.001196981426214228,0.7485786545853659
1172.12212,1.2107910393847148,-0.001231620677758111,0.7539703068292682
1169.16917,1.2138464996475682,-0.0012684823905952662,0.7593013509268293
1166.21622,1.216917419978965,-0.0013071016376736777,0.7645710352195122
1163.26326,1.2200039284929425,-0.0013448889785587128,0.7697786395609756
1160.31031,1.2231061231170848,-0.0013863767096595416,0.7749234836585366
1157.35736,1.22622413432069,-0.0014289785999773183,0.7800049261463415
1154.4044,1.2293580940145288,-0.0014714633318832684,0.7850223553170732
1151.45145,1.2325081034867023,-0.0015177614676875257,0.7899751835609756
1148.4985,1.2356742970956467,-0.0015652229931069608,0.7948628455121951
1145.54555,1.2388567998890232,-0.001614591469229785,0.7996848045365854
1142.59259,1.2420557490670694,-0.0016631313248384283,0.8044405684878049
1139.63964,1.2452712506116304,-0.0017163650366851014,0.8091297026829268
1136.68669,1.2485034443006449,-0.0017715757324989732,0.8137518243414634
1133.73373,1.2517524714806882,-0.0018259676358820477,0.8183065831219513
1130.78078,1.2550184418222758,-0.001885178826513197,0.8227936444390244
1127.82783,1.2583014993526516,-0.0019471981179020868,0.8272126866829268
1124.87487,1.2616017897264196,-0.0020084144024470085,0.8315634132682926
1121.92192,1.2649194264548687,-0.002074577965812052,0.8358455804390243
1118.96897,1.2682545579811912,-0.0021436332755066802,0.840059001902439
1116.01602,1.271607323053433,-0.0022156132915259258,0.8442035404878049
1113.06306,1.2749778733351056,-0.0022876021391132527,0.848279096097561
1110.11011,1.2783663277080612,-0.0023647129256590457,0.8522855890243902
1107.15716,1.2817728407764835,-0.0024456333696899267,0.8562229645853658
1104.2042,1.2851975689198432,-0.0025266006259727983,0.8600912042439024
1101.25125,1.2886406352453672,-0.0026136276818971922,0.8638903339512195
1098.2983,1.2921021991937949,-0.0027045733637181394,0.8676204324878048
1095.34535,1.2955824102323232,-0.0027986588037268727,0.8712816138536585
1092.39239,1.2990814313240282,-0.002894488581045691,0.8748740133658537
1089.43944,1.3025993914893612,-0.0029974071078283874,0.8783977746829268
1086.48649,1.306136456922789,-0.003103566523054966,0.881853056292683
1083.53353,1.3096927957589288,-0.0032123824262597724,0.8852400611707317
1080.58058,1.3132685416744445,-0.003328452655267114,0.8885590590243903
1077.62763,1.3168638661703855,-0.0034495546101551314,0.8918103890731708
1074.67467,1.3204789427643582,-0.0035734180511209704,0.8949944322439024
1071.72172,1.324113909989629,-0.003704706417855373,0.8981115833658536
1068.76877,1.3277689448720775,-0.003842015783749054,0.9011622335609756
1065.81582,1.3314442140537435,-0.003985399246931119,0.9041467869268293
1062.86286,1.335139898576777,-0.004132548820195503,0.9070656846341464
1059.90991,1.3388561437794468,-0.004288223118379836,0.9099194234634146
1056.95696,1.3425931344125757,-0.0044518693108981195,0.9127085513560975
1054.004,1.3463510574367492,-0.0046194117926165205,0.9154336426682927
1051.05105,1.350130063555376,-0.004798311814094277,0.9180952807463415
1048.0981,1.3539303435970385,-0.004984496583619612,0.9206940539414634
1045.14515,1.3577520777112047,-0.0051789081066441756,0.9232305668243903
1042.19219,1.3615954611393324,-0.0053800698054972266,0.9257054558487805
1039.23924,1.3654606521092205,-0.005592907047167558,0.9281193947268292
1036.28629,1.3693478499556762,-0.005815967417826416,0.9304730883121951
1033.33333,1.3732572564397592,-0.006046868925488872,0.9327672604585366
1030.38038,1.3771890357270515,-0.006291505875287232,0.9350026454
1027.42743,1.381143393851329,-0.006546602064365969,0.9371799872878048
1024.47447,1.3851205393733497,-0.006812480282423326,0.9393000469560976
1021.52152,1.3891206426638336,-0.007092375698265515,0.9413636085951219
1018.56857,1.3931439167450994,-0.007386645832552127,0.9433714799365853
1015.61562,1.3971905635288193,-0.007694472945009393,0.9453244875268293
1012.66266,1.4012608011031995,-0.008014352125734661,0.9472234705170732
1009.70971,1.4053548085532888,-0.008353280736654447,0.9490692769560976
1006.75676,1.4094728086964161,-0.008707927625050335,0.9508627639756098
1003.8038,1.4136150271326602,-0.009077718493325502,0.9526047983463415
1000.85085,1.4177816498334057,-0.009467863493448454,0.9542962564780488
997.897898,1.4219729101882643,-0.009876367265029891,0.955938023307317
994.944945,1.4261890259405856,-0.010305494449104832,0.9575309902585366
991.991992,1.4304302174070302,-0.010755639176277521,0.9590760540390244
989.039039,1.434696708964827,-0.011227886949623962,0.9605741158975609
986.086086,1.4389887276761795,-0.011724284784531346,0.9620260808829268
983.133133,1.443306503328549,-0.012244987828400942,0.9634328584
980.18018,1.4476502684756638,-0.012792065246945738,0.9647953622097561
977.227227,1.4520202584792705,-0.013366644022694212,0.9661145094097561
974.274274,1.456416711551647,-0.013969858948730974,0.9673912201560976
971.321321,1.4608398687988864,-0.014602852519835145,0.9686264160878049
968.368368,1.465289974264974,-0.015268713530498992,0.9698210204195122
965.415415,1.4697672749766724,-0.01596861536279767,0.9709759537707318
962.462462,1.4742720209892308,-0.01670373841590642,0.9720921278634146
959.50951,1.478804463893335,-0.017476513426120565,0.9731704416292682
956.556557,1.4833648630114284,-0.01828761030924123,0.9742117826926829
953.603604,1.4879534762368234,-0.01914046774136456,0.9752170355268293
950.650651,1.4925705662129578,-0.020036316450281578,0.9761870889609756
947.697698,1.4972163988533258,-0.020978368295056348,0.9771228361804878
944.744745,1.5018912433925287,-0.021967882367580616,0.9780251679609756
941.791792,1.506595372438287,-0.023008108271849615,0.9788949657170731
938.838839,1.5113290620244308,-0.024101326964302887,0.9797330983512195
935.885886,1.5160925916648935,-0.025249835359120683,0.9805404235512195
932.932933,1.5208862444087299,-0.026455946311272023,0.9813177893658537
929.97998,1.5257103068961806,-0.027723991511974116,0.9820660340195122
927.027027,1.530565069415807,-0.029055325758231887,0.9827859851707317
924.074074,1.5354508259627218,-0.0304543285811241,0.9834784593560976
921.121121,1.540367874297936,-0.031922388557825206,0.9841442622682927
918.168168,1.545316516008853,-0.03346494348466694,0.9847841885707317
915.215215,1.5502970565709282,-0.03508342262791526,0.9853990222682927
912.262262,1.5553098054105297,-0.0367833226862816,0.9859895371707317
909.309309,1.5603550759690188,-0.03856611379123004,0.9865564963365854
906.356356,1.5654331857680843,-0.0404363320181879,0.9871006518878048
903.403403,1.570544456476354,-0.04239854733326853,0.9876227418585366
900.45045,1.5756892139773184,-0.044455315594076464,0.9881234878780488
897.497497,1.5808677884385915,-0.046611261330296395,0.9886035955414634
894.544545,1.5860805126114637,-0.04887029515104442,0.9890637567268292
891.591592,1.5913277289755157,-0.05123551332467476,0.9895046524682927
888.638639,1.5966097792207068,-0.05371191037911473,0.9899269540682927
885.685686,1.6019270113716486,-0.056304236112093356,0.9903313210585366
882.732733,1.6072797781045867,-0.05901520155009957,0.9907183979560975
879.77978,1.6126684368253776,-0.06184961391517683,0.991088813262439
876.826827,1.6180933497490388,-0.06481231599458351,0.9914431795190244
873.873874,1.6235548839809109,-0.0679061000511806,0.991782094984878
870.920921,1.6290534115994677,-0.07113586858093525,0.9921061444243903
867.967968,1.6345893097408166,-0.07450656093968885,0.9924158990609756
865.015015,1.6401629606849255,-0.07802000495805418,0.9927119159004878
862.062062,1.645774751943621,-0.08168224762193627,0.9929947372029269
859.109109,1.6514250763504006,-0.08549622108474306,0.9932648904731707
856.156156,1.6571143321520985,-0.0894669911062815,0.9935228886370732
853.203203,1.6628429231024553,-0.09359648862448194,0.9937692304863415
850.25025,1.6686112585576331,-0.09788877929185653,0.9940044009009756
847.297297,1.6744197535737286,-0.10234796061706505,0.9942288707658536
844.344344,1.680268829006325,-0.10697709816646193,0.9944430966463415
841.391391,1.686158911612144,-0.11177928196122798,0.9946475204639025
838.438438,1.6920904341528378,-0.11675655848294889,0.9948425695517074
835.485485,1.698063835500983,-0.12191420322494803,0.9950286570902439
832.532533,1.7040795587039195,-0.12725246328637532,0.9952061827468293
829.57958,1.7101380592573683,-0.13277501022699945,0.9953755329721952
826.626627,1.716239792995447,-0.13848319608542806,0.995537080944878
823.673674,1.7223852243402644,-0.1443802500583701,0.9956911861078048
820.720721,1.7285748243897576,-0.15046834816897356,0.9958381939273171
817.767768,1.7348090710380772,-0.1567475197083227,0.9959784361619513
814.814815,1.7410884490985863,-0.16322105396322373,0.9961122316131708
811.861862,1.7474134504295393,-0.16988900680546132,0.9962398868482927
808.908909,1.7537845740625135,-0.17675361805660597,0.9963616966082927
805.955956,1.7602023263336568,-0.18381605738797077,0.9964779437429269
803.003003,1.7666672210178298,-0.19107750798541856,0.9965888990531707
800.05005,1.773179779465715,-0.19853807049651812,0.9966948213839024
797.097097,1.779740530743968,-0.20620004807226583,0.9967959581521951
794.144144,1.7863500117784934,-0.21406246489919953,0.9968925457365854
791.191191,1.7930087675009252,-0.2221254453075276,0.9969848099312195
788.238238,1.799717350998394,-0.23039243529769776,0.9970729662702439
785.285285,1.80647632366667,-0.23886137701024499,0.9971572202502439
782.332332,1.8132862553667708,-0.24753353026540367,0.9972377675156098
779.379379,1.8201477245851214,-0.2564090587430872,0.9973147941458537
776.426426,1.8270613185973692,-0.2654892472533621,0.9973884771004878
773.473473,1.8340276336359425,-0.27477316409556496,0.9974589847195122
770.520521,1.8410472726752007,-0.2842635366758497,0.9975264771775609
767.567568,1.8481208551334551,-0.2939588418559058,0.997591106724878
764.614615,1.8552490027897393,-0.3038595912876528,0.9976530179004878
761.661662,1.8624323494577337,-0.31396712599534815,0.9977123477546341
758.708709,1.8696715388055398,-0.3242816764007199,0.997769226089756
755.755756,1.8769672245479425,-0.3348046114642164,0.9978237759331707
752.802803,1.884320070643197,-0.3455361853970042,0.9978761139078048
749.84985,1.8917307514944568,-0.3564777961123459,0.9979263506121951
746.896897,1.8991999521559721,-0.3676285851649685,0.9979745908429268
743.943944,1.9067283685441976,-0.3789922526724186,0.9980209338170731
740.990991,1.9143167076539342,-0.3905691102920631,0.998065473422439
738.038038,1.9219656877796591,-0.40235947923713405,0.9981082984492683
735.085085,1.9296760387421787,-0.4143648375220346,0.9981494929239024
732.132132,1.937448502120761,-0.42658746068629727,0.9981891363960975
729.179179,1.9452838314909005,-0.4390290357149522,0.9982273041521951
726.226226,1.9531827926678762,-0.45169011725625,0.9982640674468293
723.273273,1.9611461639562668,-0.46457457607566804,0.9982994936790244
720.32032,1.9691747364055956,-0.47768284570644787,0.9983336465960976
717.367367,1.9772693140722803,-0.49101769516351146,0.9983665865068293
714.414414,1.9854307142880687,-0.5045807609955785,0.9983983704668292
711.461461,1.9936597679351529,-0.518376036362847,0.9984290524639025
708.508509,2.0019573169065406,-0.5324055369238951,0.9984586836404878
705.555556,2.0103242256579184,-0.546670347121642,0.9984873123678049
702.602603,2.0187613646449227,-0.5611748789684657,0.9985149844590244
699.64965,2.0272696218430997,-0.5759220945118578,0.9985417432619512
696.696697,2.0358499002611734,-0.5909138111170262,0.9985676298165853
693.743744,2.0445031182605367,-0.6061542374027271,0.9985926829941464
690.790791,2.0532302098829183,-0.621647629492738,0.9986169396360975
687.837838,2.0620321251864797,-0.6373959152813462,0.9986404346190244
684.884885,2.0709098305905953,-0.6534034321426866,0.9986632010585366
681.931932,2.0798643092295763,-0.6696733735789635,0.9986852702907317
678.978979,2.088896561315611,-0.6862113659636936,0.998706672057561
676.026026,2.0980076045112037,-0.7030195005565326,0.9987274345809756
673.073073,2.1071984743114043,-0.7201023031909145,0.9987475846185366
670.12012,2.116470224436126,-0.7374655582362563,0.9987671475839024
667.167167,2.1258239272328687,-0.7551114925914969,0.998786147602439
664.214214,2.135260674090166,-0.7730472087005702,0.9988046075760976
661.261261,2.1447815758620976,-0.7912750344252272,0.9988225492946341
658.308308,2.154387763304205,-0.8098021982493545,0.9988399934263414
655.355355,2.164080387521177,-0.8286311332473347,0.9988569596570732
652.402402,2.1738606204266753,-0.8477704211157279,0.9988734666995122
649.449449,2.1837296552156817,-0.8672213881889774,0.9988895323487805
646.496496,2.193688706849774,-0.8869927579893729,0.9989051735473171
643.543544,2.2037390091366738,-0.9070899947528887,0.9989204064404879
640.590591,2.2138818288873567,-0.9275163896365363,0.9989352463858536
637.637638,2.2241184460224375,-0.9482800041748533,0.9989497080458537
634.684685,2.2344501676959547,-0.9693861772082784,0.99896380536
631.731732,2.244878325463848,-0.99084031730372,0.9989775516560976
628.778779,2.2554042758560464,-1.0126503981251276,0.9989909596317074
625.825826,2.266029400964727,-1.034823241290517,0.9990040414097561
622.872873,2.276755109049276,-1.0573632489752496,0.9990168085478048
619.91992,2.2875828351585175,-1.0802799131398761,0.9990292721214634
616.966967,2.2985140417707797,-1.1035790629401299,0.9990414426780487
614.014014,2.309550219452398,-1.1272678705722357,0.9990533303014634
611.061061,2.3206928875352846,-1.1513548696338307,0.9990649446585366
608.108108,2.3319435948142067,-1.17584616433715,0.9990762949767805
605.155155,2.3433039202644412,-1.2007504910651317,0.9990873900851708
602.202202,2.354775473780515,-1.2260767010801703,0.9990982384410244
599.249249,2.3663598969367476,-1.251831202893894,0.9991088481420488
596.296296,2.3780588637703524,-1.2780230643856654,0.9991192269430244
593.343343,2.389874081587888,-1.304661475785703,0.999129382277122
590.39039,2.401807291795864,-1.3317544618436066,0.9991393212698049
587.437437,2.4138602707563623,-1.3593114551496956,0.9991490507527317
584.484484,2.4260348306685446,-1.3873420189751993,0.999158577280439
581.531532,2.438332816291222,-1.4158562037665299,0.999167907143317
578.578579,2.450756122579196,-1.444861832204901,0.9991770463778049
575.625626,2.463306670661217,-1.4743705281878239,0.9991860007830732
572.672673,2.475986425450668,-1.504391096095937,0.999194775928439
569.71972,2.4887973925274562,-1.5349364206530278,0.9992033771663414
566.766767,2.5017416191955455,-1.566014286680719,0.9992118096416097
563.813814,2.514821195573662,-1.5976378978473946,0.9992200783016585
560.860861,2.5280382557203964,-1.629817990493753,0.9992281879048293
557.907908,2.541394978794968,-1.6625641307246857,0.9992361430305854
554.954955,2.5548935902549874,-1.695891376945074,0.999243948086
552.002002,2.568536363092588,-1.7298096461032249,0.9992516073150244
549.049049,2.582325619110379,-1.764331700601265,0.9992591248059024
546.096096,2.5962637302387184,-1.7994704974384228,0.9992665044958049
543.143143,2.61035311989588,-1.8352391931112033,0.9992737501810244
540.19019,2.624596264392745,-1.871651148662649,0.999280865520683
537.237237,2.6389956943837385,-1.9087199348991144,0.9992878540422927
534.284284,2.6535539963657895,-1.9464593377819392,0.9992947191491708
531.331331,2.6682738142271774,-1.9848833639976022,0.9993014641278537
528.378378,2.6831578508482266,-2.0240076198927155,0.9993080921471708
525.425425,2.698208869755863,-2.0638465842126203,0.9993146062693659
522.472472,2.713429696834182,-2.1044163565679854,0.9993210094500976
519.51952,2.7288232168507336,-2.145733675570168,0.9993273045458536
516.566567,2.74439239619587,-2.187811641598532,0.9993334943176585
513.613614,2.760140253499007,-2.2306689079615345,0.999339581432
510.660661,2.7760698823785477,-2.2743240563502716,0.9993455684700976
507.707708,2.7921844482843965,-2.3187917649106553,0.9993514579260487
504.754755,2.8084871905949753,-2.364092613747036,0.9993572522151707
501.801802,2.8249814247881315,-2.410243286568931,0.9993629536721463
498.848849,2.8416705446890007,-2.4572621851586636,0.9993685645602927
495.895896,2.858558024798015,-2.505170887939425,0.999374087641561
492.942943,2.875647422702423,-2.5539899160306563,0.9993795238353659
489.98999,2.892942381574826,-2.6037372952957756,0.9993848770223415
487.037037,2.9104466327624228,-2.6544371375213376,0.9993901473989756
484.084084,2.92816399847083,-2.7061067643006593,0.9993953368300488
481.131131,2.9460983945465244,-2.7587710850953413,0.9994004479153171
478.178178,2.9642538333621693,-2.8124496398320984,0.9994054823471707
475.225225,2.9826344268092897,-2.8671696519115226,0.9994104420543415
472.272272,3.0012443894029777,-2.922951515319111,0.9994153286161463
469.319319,3.020088041503564,-2.979823386834608,0.9994201436193171
466.366366,3.039169812660417,-3.0378080456431604,0.9994248887349269
463.413413,3.0584942450833132,-3.0969316919297705,0.9994295655812195
460.46046,3.078065997247088,-3.1572210414933553,0.9994341756633659
457.507508,3.097889840879116,-3.218703745778532,0.9994387204198049
454.554555,3.117970691786849,-3.281408295512329,0.9994432012695122
451.601602,3.1383135736227463,-3.3453634739910094,0.9994476196166342
448.648649,3.1589236488509944,-3.410596735714495,0.9994519768226829
445.695696,3.179806216444942,-3.4771406688264017,0.9994562742000488
442.742743,3.200966716429208,-3.545025486327315,0.9994605130203414
439.78979,3.2224107346043565,-3.6142835769119577,0.9994646945245854
436.836837,3.244144007462762,-3.6849480215650474,0.9994688199241464
433.883884,3.266172427304756,-3.757052616903655,0.9994728903979512
430.930931,3.2885020475646374,-3.8306318995205313,0.999476907091561
427.977978,3.311139088356652,-3.905722727808967,0.9994808711171708
425.025025,3.3340899422516315,-3.9823596526766543,0.9994847835600975
422.072072,3.3573611802955408,-4.060582727865813,0.9994886454797073
419.119119,3.38095955828185,-4.140428180194191,0.9994924579047805
416.166166,3.404892023290307,-4.221939424254172,0.9994962218390732
413.213213,3.429165720505396,-4.305154506553971,0.9994999382603903
410.26026,3.453788000328551,-4.390117185659574,0.9995036081215122
407.307307,3.478766425798988,-4.476870652967729,0.9995072323520487
404.354354,3.5041087803388935,-4.565459146985136,0.999510811858439
401.401401,3.529823075839639,-4.6559279923591905,0.999514347524878
398.448448,3.555917561106659,-4.748326898345115,0.9995178402123902
395.495495,3.582400730681694,-4.842700260330031,0.9995212907634634
392.542543,3.609281324890966,-4.939102291265466,0.9995246999992683
389.58959,3.63656837602866,-5.037582281192177,0.9995280687205854
386.636637,3.6642711638219065,-5.138193816518815,0.9995313977105854
383.683684,3.6923992622468487,-5.240989773056064,0.9995346877339024
380.730731,3.720962541525115,-5.346027803443629,0.9995379395357074
377.777778,3.7499711796714745,-5.453357403203446,0.9995411538463415
374.824825,3.779435674585893,-5.562984349067885,0.9995443313776098
371.871872,3.809366856720155,-5.675024814714291,0.9995474728274146
368.918919,3.8397759023511853,-5.789541159775601,0.9995505788760488
365.965966,3.870674347495212,-5.906597845782484,0.9995536501889756
363.013013,3.902074102499187,-6.026260652777761,0.999556687418683
360.06006,3.93398746734823,-6.148597787982287,0.9995596912009757
357.107107,3.9664271477304136,-6.2736792809192545,0.9995626621596098
354.154154,3.999406271902989,-6.40157706450127,0.999565600904439
351.201201,4.032938408407074,-6.532365060472912,0.9995685080332682
348.248248,4.067037584681026,-6.666119982810149,0.99957138413
345.295295,4.101718306626141,-6.802920377646977,0.9995742297674146
342.342342,4.136995579182017,-6.94284671341371,0.9995770455080976
339.389389,4.172884927972887,-7.085982747233688,0.9995798318998049
336.436436,4.209402422090541,-7.232413837600343,0.9995825894819512
333.483483,4.246564698084061,-7.382228505956771,0.9995853187828293
330.530531,4.284388972308556,-7.535517961724396,0.9995880203205366
327.577578,4.322893119018608,-7.692374620902457,0.9995906946029756
324.624625,4.362095621607242,-7.852895563740284,0.9995933421278537
321.671672,4.4020156532365196,-8.017179970751707,0.9995959633854634
318.718719,4.4426730954092175,-8.185329750435205,0.9995985588549756
315.765766,4.484088570985288,-8.357450068077926,0.9996011290090732
312.812813,4.526283479062405,-8.533649128371874,0.9996036743093171
309.85986,4.569280031844574,-8.71403872853798,0.9996061952117073
306.906907,4.613101293632234,-8.89873307820131,0.9996086921629757
303.953954,4.6577712220776775,-9.087850723006964,0.999611165602439
301.001001,4.703314711860839,-9.281513182572825,0.9996136159638537
298.048048,4.749757640952734,-9.479845530595302,0.9996160436726341
295.095095,4.797126919647217,-9.682976803416066,0.9996184491458536
292.142142,4.845450542556246,-9.891039821932154,0.9996208327968781
289.189189,4.894757643779762,-10.104171008785189,0.9996231950307317
286.236236,4.945078555478633,-10.322510819975896,0.9996255362487317
283.283283,4.996444870098113,-10.546204409861266,0.9996278568438537
280.33033,5.048889506510016,-10.775400233771942,0.9996301572062927
277.377377,5.102446780364627,-11.010251760544527,0.9996324377179024
274.424424,5.157152478968242,-11.250652350203888,0.9996346987577561
271.471471,5.213043941029701,-11.496882551767566,0.9996369407002926
268.518519,5.270160122095358,-11.749211506208262,0.9996391639134634
265.565566,5.32854176296724,-12.007805659397208,0.9996413687633658
262.612613,5.388231370401082,-12.272837618706937,0.9996435556086829
259.65966,5.449273397348866,-12.544483742742107,0.9996457248080975
256.706707,5.511714334233451,-12.822925236519584,0.9996478767147317
253.753754,5.575602827034298,-13.108347802283609,0.9996500116770731
250.800801,5.6409898036821575,-13.400941963587135,0.9996521300426829
247.847848,5.707928609452954,-13.700902479831502,0.9996542321554146
244.894895,5.776475152117331,-14.008429138404825,0.9996563183554147
241.941942,5.846688057675936,-14.323726647341287,0.9996583889819024
238.988989,5.918628837592212,-14.647004041329012,0.9996604443713171
236.036036,5.992362068525311,-14.978475021976651,0.9996624848582439
233.083083,6.067955585666992,-15.318357582824392,0.9996645107744878
230.13013,6.145480690899105,-15.666875101780626,0.9996665224518536
227.177177,6.2250123771142984,-16.02425398224321,0.9996685202202927
224.224224,6.306629570183357,-16.390725712367153,0.9996705044079024
221.271271,6.39041539021028,-16.76652545764711,0.9996724753446341
218.318318,6.476457433892959,-17.15189158944613,0.9996744333567317
215.365365,6.564848080005781,-17.547066761484576,0.9996763787741464
212.412412,6.655684820243726,-17.95229557351238,0.999678311923122
209.459459,6.749070617918864,-18.36690053443133,0.999680233132683
206.506507,6.8451142642963,-18.79081414165093,0.9996821427327804
203.553554,6.943930932629995,-19.225242953248802,0.9996840410533658
200.600601,7.045642443298073,-19.67040704755503,0.9996859284271707
197.647648,7.150377894230089,-20.12652222593815,0.9996878051869268
194.694695,7.258274175495662,-20.593799140715138,0.99968967167
191.741742,7.369476566212628,-21.072442151521116,0.9996915282137561
188.788789,7.484139387179503,-21.562647141618157,0.9996933751620488
185.835836,7.602426715397361,-22.064598788094248,0.9996952128587318
182.882883,7.724513167438212,-22.578470336573563,0.9996970416532195
179.92993,7.850584759525414,-23.1044179347216,0.999698861899561
176.976977,7.980839853235624,-23.642580797989762,0.999700673956439
174.024024,8.115490196934337,-24.193075783892724,0.9997024781890244
171.071071,8.25476207444539,-24.755994025137557,0.9997042749661951
168.118118,8.398897574061225,-25.331396825562486,0.9997060646651708
165.165165,8.548155992864087,-25.91931072667807,0.999707847672439
162.212212,8.702815393495188,-26.51972234764625,0.9997096243791219
159.259259,8.86317433303495,-27.132570450492086,0.9997113951874634
156.306306,9.029553786610435,-27.75774111297641,0.9997131605089756
153.353353,9.202299291807416,-28.39505858458456,0.9997149207653658
150.4004,9.381783344033439,-29.044276971256405,0.9997166763913171
147.447447,9.568408077775834,-29.705068588959637,0.9997184278326341
144.494494,9.762608274372225,-30.370879972510668,0.999720175550878
141.541542,9.964854673734342,-31.035443030081176,0.9997219200205854
138.588589,10.175658061849166,-31.707038770725045,0.9997236617348293
135.635636,10.395573165114845,-32.38450608145958,0.9997254012033658
132.682683,10.625203796964488,-33.066486952548196,0.9997271389554147
129.72973,10.865208327134157,-33.75140494804925,0.9997288755433659
126.776777,11.116305985711316,-34.43743937334707,0.9997306115409268
123.823824,11.379284061991243,-35.12249917294003,0.9997323475496097
120.870871,11.655006149910918,-35.80419157466661,0.9997340841959512
117.917918,11.944421621979625,-36.47979194636021,0.9997358221417073
114.964965,12.248576550684941,-37.14621105657834,0.9997375620782927
112.012012,12.568626342127242,-37.799959874920816,0.999739304735122
109.059059,12.905850403463834,-38.359893335806284,0.9997410508851707
106.106106,13.26166923667265,-38.869090487628625,0.9997428013421952
103.153153,13.63766444017302,-39.33302320406561,0.9997445569727805
100.2002,14.035602212248593,-39.74391776471281,0.999746318699122
97.2472472,14.45746106360118,-40.093351018315865,0.9997480875008781
94.2942943,14.905464817530003,-40.372286391363126,0.9997498644309268
91.3413413,15.382121712802109,-40.571145535225874,0.9997516506125854
88.3883884,15.890271392341157,-40.67991171085631,0.99975344726
85.4354354,16.43314162098847,-40.688279847739956,0.9997552556772196
82.4824825,17.014416778993127,-40.585855968223115,0.999757077280439
79.5295295,17.638321741343344,-40.362410773059004,0.9997589136054146
76.5765766,18.309724574775835,-40.008184022279806,0.9997607663250732
73.6236236,19.034263983396272,-39.51424445521628,0.9997626372717561
70.6706707,19.81850786558915,-38.61706406165022,0.999764528456683
67.7177177,20.670153179432504,-37.4527701223418,0.9997664420977561
64.7647648,21.598279189770633,-36.01781836216355,0.9997683806538536
61.8118118,22.613672656390403,-34.31827358528241,0.9997703468637561
59.98875552648887,23.289633289583747,-33.152130861465054,0.999753552906996
59.96627694176012,23.298220299016872,-33.13722523361705,0.9997535820777392
59.92136118519962,23.31539747908779,-33.10739623481146,0.9997536403666615
59.83169503390909,23.349764464202924,-33.04766846462125,0.9997537567347802
59.719574418240974,23.39288054320241,-32.96523636809069,0.9997539023081841
59.60630783136286,23.43659928851434,-32.880841066538856,0.9997540494719418
59.492889695631575,23.48054057504502,-32.79605369831472,0.9997541969375512
59.37936632224433,23.524687944210985,-32.710909599020354,0.9997543446457233
59.26573952630306,23.569042082028414,-32.62541097661687,0.9997544925949038
59.152177603451996,23.613538322151886,-32.53968622818459,0.9997546405667431
59.03851927641698,23.658240878001347,-32.45361488819725,0.9997547887717455
58.92475712802144,23.703154073123535,-32.3671922835268,0.9997549372203802
58.89853132763827,23.71353219381189,-32.347263187879996,0.9997549714836178
58.8588589,23.729248721111187,-32.34413631302012,0.9997723437906342
58.84613709570779,23.734292970796815,-32.30738600901507,0.9997550399370818
58.7415776306402,23.77583263337699,-32.227557458802394,0.9997551765528357
58.627951259679385,23.8211395996844,-32.14053498089268,0.9997553251088002
58.51382764072514,23.866818978183492,-32.05286338830206,0.9997554744250368
58.39958099856214,23.912723408509954,-31.964830417798865,0.9997556240138477
58.28522728685602,23.958848030172174,-31.87644941191165,0.9997557738552475
58.17076682113493,24.005194242178586,-31.787721726019353,0.9997559239496887
58.05619923226859,24.051763734634036,-31.698648216063358,0.9997560742985264
57.94152411876801,24.098558227606436,-31.609229740265455,0.9997562249031661
57.84532966774192,24.137952136899045,-31.53404622298768,0.9997563513463041
57.73126650342948,24.18483093527463,-31.444633475501934,0.9997565013591309
57.61631982065656,24.232257421583213,-31.35427066809429,0.9997566526493514
57.50123033355227,24.279929548513326,-31.26353990867007,0.999756804245176
57.38602987241519,24.3278358556638,-31.17246754060401,0.9997569561056895
57.27071942094143,24.37597759415224,-31.081055681938125,0.9997571082305228
57.15529861869926,24.424356588950307,-30.989305419753236,0.9997572606210826
57.03976704413246,24.47297470921872,-30.897217822287324,0.9997574132788642
56.92412427030798,24.52183384545535,-30.804793983264886,0.999757566205379
56.83711083159375,24.558725886841806,-30.735123279914237,0.999757681382591
56.722522638647135,24.60747878071759,-30.64312014032126,0.9997578331283733
56.606626737386435,24.656985340857727,-30.549823668574458,0.9997579867276165
56.49056619188074,24.706762258337275,-30.456153552149846,0.9997581406699354
56.3743901381433,24.756790400386222,-30.362150942649663,0.9997582948912994
56.25810028040371,24.807070860611955,-30.267818828241587,0.9997584493904491
56.14169626454071,24.85760563396913,-30.17315856614669,0.9997586041688595
56.02517764399511,24.90839677637676,-30.078171469308135,0.9997587592281381
55.90854396561722,24.959446368161785,-29.98285887689037,0.9997589145699105
55.87095085485495,24.975945182016297,-29.95212868438905,0.9997589647032155
55.79588873876453,25.00895368559555,-29.890661019810402,0.9997590648104385
55.68083817752863,25.05971676973412,-29.796203199965092,0.9997592182973811
55.56393984740691,25.111506638891182,-29.700001686749868,0.999759374377819
55.44684986493798,25.163596452213827,-29.6034186742882,0.9997595308469879
55.329639307584884,25.215956793970452,-29.50651455519227,0.999759687611211
55.212310790413596,25.268588517841806,-29.40929338914874,0.9997598446680795
55.094863970318194,25.32149381361523,-29.311756827228425,0.9997600020191412
54.977298373193904,25.374674953591473,-29.2139064445802,0.9997601596661296
54.94416404771204,25.389703737258554,-29.186326784645807,0.9997602041567027
54.87799341755969,25.419770183688033,-29.131169933604898,0.9997602930115084
54.76243881508775,25.4724467075439,-29.030078902696253,0.999760448212989
54.64463020621854,25.526375963610292,-28.921701331077323,0.9997606065767093
54.526609122574904,25.580631942866464,-28.81289579453149,0.9997607653664
54.40846294723085,25.63517692870756,-28.70374537119555,0.9997609244659433
54.29019495709686,25.690011621449013,-28.59425579607454,0.9997610838720979
54.1718048081085,25.745138407929073,-28.484429508315618,0.999761243586497
54.054132689254516,25.80016579349792,-28.375052216572954,0.9997614024765922
53.935533626701336,25.855865179210962,-28.26459553487332,0.9997615627621613
53.81677638593153,25.911880352098567,-28.153777100801264,0.999761723408139
53.69789344610287,25.96819843527633,-28.04263010843868,0.9997618843719205
53.57888569106788,26.024821375795455,-27.931158361742728,0.9997620456535393
53.45975264418723,26.081751789807424,-27.819364438698017,0.9997622072548781
53.34049376429023,26.138992353680404,-27.707250900959522,0.9997623691779192
53.22110850064166,26.196545778535505,-27.59482034535269,0.9997625314246706
53.19859497045357,26.207427550000805,-27.573621338891506,0.9997625620668554
53.15361463515287,26.229195605309947,-27.531235062883344,0.9997626232905428
53.06384049659082,26.272749733522325,-27.446510616494717,0.9997627454958686
52.94543725634421,26.330415012679396,-27.334564993332588,0.9997629067608519
52.82568357478538,26.388996045475,-27.221155057115258,0.9997630700180686
52.7057488499487,26.447927482931966,-27.1073902455081,0.9997632336789529
52.58568243949997,26.507187859437746,-26.993320678705487,0.999763397677666
52.465485856494,26.566779077113267,-26.87895119267705,0.9997635620134884
52.37564003416214,26.611498243222833,-26.79337870330989,0.9997636849945102
52.25651721889144,26.67102216169979,-26.679737236909517,0.9997638481412018
52.13601644380382,26.731506162156673,-26.564614285415875,0.9997640133346228
52.01533005943251,26.79235891595248,-26.449151533009722,0.9997641789461427
51.894508127280574,26.853558172467807,-26.333400451345472,0.9997643449086658
51.77355204415374,26.915106070775707,-26.21736603977404,0.9997645112217012
51.65246109583511,26.977005850014415,-26.10105132169088,0.9997646778876652
51.58307443615007,27.012603698643616,-26.034373948819567,0.9997647735149994
51.46398212927031,27.073921828887208,-25.919757489816654,0.999764937692759
51.342635913150325,27.13668744838935,-25.80282955350853,0.9997651051430921
51.22106170833803,27.199863513560217,-25.685545067772214,0.9997652730798496
51.099344369716036,27.263409322779196,-25.56798976965706,0.9997654413876695
50.977486302402966,27.3273267340428,-25.450169941250262,0.9997656100647657
50.85548628681093,27.391619531707487,-25.332088408862273,0.9997657791143695
50.819237587379014,27.41078057362139,-25.297013397051792,0.9997658294206891
50.74686681611614,27.44911602179605,-25.226926913049056,0.9997659298671456
50.626710586164634,27.513001213380665,-25.1104128372173,0.9997660966933866
50.5043818906008,27.57834768344661,-24.991678229408713,0.99976626671055
50.38181851983399,27.64413156088873,-24.872607784595637,0.9997664372350257
50.259099881879706,27.710313959338936,-24.75328286132521,0.9997666081583215
50.136226496794826,27.776898068320115,-24.633708229003634,0.999766779481401
50.08260498275109,27.80605553455279,-24.58153446860949,0.999766854358234
49.97564286881848,27.86440093860698,-24.477349221562775,0.999767003742137
49.853078602180176,27.93155871863192,-24.357864941425248,0.9997671750621666
49.729695050533934,27.999493188064218,-24.23749689868476,0.9997673477148167
49.60611000196293,28.067870676977634,-24.116852352135325,0.9997675208401082
49.48234276826885,28.136684494222987,-23.994022436361337,0.9997676944129628
49.371462469029474,28.198620436588,-23.874736615223036,0.9997678500988239
49.24787704689983,28.267975374844927,-23.74169622338482,0.9997680237845409
49.12355717436819,28.338087539532342,-23.607793018632545,0.9997681986981549
48.99899221222882,28.408687618559544,-23.473559910576064,0.9997683741554914
48.874186740240994,28.47977769337631,-23.339007633324815,0.9997685501523841
48.74912181720673,28.551373353262374,-23.204121618495172,0.9997687267178417
48.68454007124785,28.58848545167434,-23.13448184162286,0.9997688180330979
48.56153714910798,28.65943698894264,-23.00175323459307,0.9997689919942899
48.435812265686586,28.73232351005395,-22.866046417505157,0.9997691700060257
48.30962076901307,28.805854290662175,-22.7298031714958,0.9997693488883151
48.18301150969733,28.880007697778755,-22.59308247957899,0.9997695285754227
48.055931762593595,28.954821567227796,-22.45583368630163,0.9997697091455421
48.02050606780926,28.97574637510221,-22.417596554803275,0.9997697595718864
47.949782520721776,29.01761106698898,-22.341237559282522,0.9997698602541898
47.82395629094163,29.092393548278054,-22.20532445369436,0.9997700394397542
47.695218150256075,29.169306657937838,-22.066262194101554,0.9997702229895566
47.5655574482271,29.24718309913793,-21.926208723761707,0.9997704080825391
47.434906797183544,29.326075859871285,-21.785098529358955,0.9997705948212071
47.37827537064726,29.36040485357625,-21.723971620410705,0.9997706759044745
47.26534329863462,29.429102828740927,-21.60203952536435,0.9997708376288948
47.13225779071937,29.510474185025156,-21.45835654059331,0.9997710283998104
46.99672814369083,29.59380370152819,-21.312072670574754,0.9997712229250719
46.858903788653095,29.67902811298334,-21.163359889536434,0.9997714210055594
46.75649224485433,29.742673388099313,-21.052922278038917,0.9997715684249493
46.61460985379038,29.83130084151951,-20.89993926373762,0.9997717728183078
46.46710422181526,29.924002617947778,-20.74097084790133,0.9997719856065443
46.31380626939112,30.02095715809928,-20.575855568048066,0.9997722070708523
46.15389283841687,30.12276750654142,-20.403730878123223,0.9997724384412243
45.981786939937216,30.233114649638274,-20.218624233508187,0.9997726878386674
45.79283460737905,30.355197818599507,-20.015583232952274,0.9997729621025097
45.57558460966459,30.49678845480903,-19.782388904860575,0.9997732780001053
45.56928089688251,30.500916562254375,-19.775636737500395,0.9997732871994878
45.55667773667008,30.509173335648608,-19.762137318812748,0.999773305592468
45.53148846668719,30.525689115165452,-19.73515801003611,0.9997733423553096
45.48117804087125,30.558729594827106,-19.681277664841446,0.9997734157886838
45.38082894651965,30.624846154384766,-19.573831234752205,0.9997735622875092
45.18121221827848,30.757221016337997,-19.360204303345053,0.999773853823844
45.00305716254466,30.876333848448745,-19.16986167731117,0.9997741146023394
44.650173448101455,31.11501323461178,-18.7933273639448,0.9997746315362984
44.451545889173914,31.250988788443518,-18.582153632417356,0.9997749239243175
44.25781319960265,31.384763217248658,-18.376609993189813,0.9997752097317341
44.11818363108487,31.48189126171714,-18.22878417063789,0.999775416232628
44.00022632922677,31.564413490015585,-18.104100638470396,0.9997755909731157
43.91842592167348,31.621895065442253,-18.017754391735757,0.9997757123366957
43.82020134464726,31.69119522863622,-17.914172815295615,0.9997758581825511
43.73045191429808,31.754782038005022,-17.816724473441127,0.9997759915957254
43.64614311657131,31.814747072133716,-17.719015832792028,0.9997761170498207
43.56620692748205,31.87181160181028,-17.626474454189175,0.9997762361115602
43.48982681765785,31.926529110161564,-17.538142180418962,0.9997763499800371
43.41639691212811,31.97931056429639,-17.453308265798775,0.9997764595452506
43.40154043906907,31.990010638238576,-17.436158534227573,0.9997764817394723
43.37185233244358,32.01141436147427,-17.401896402381897,0.9997765260936937
43.31257531942791,32.054236088987885,-17.333521385875855,0.9997766146655517
43.24426727244688,32.10372413342141,-17.254797447839252,0.9997767167928696
43.17819034175374,32.15174139121639,-17.178718689372747,0.9997768156614085
43.11356021885268,32.198846430739124,-17.104376904009598,0.9997769124377083
43.05022537594077,32.24514151466279,-17.03159431341867,0.999777007344155
42.988033054099816,32.290731191664726,-16.960192262185604,0.9997771006057161
42.926854491584784,32.3357036928768,-16.890020382218353,0.9997771924120754
42.89957702392044,32.355795825231645,-16.858758056464133,0.999777233383121
42.84510674094701,32.395992542389706,-16.79636438892994,0.999777315208217
42.785694297491155,32.43995039451474,-16.728369479859605,0.9997774045095177
42.727255291012725,32.483304555635726,-16.661551790889266,0.9997774924075427
42.6694256421874,32.52632087809736,-16.5954931261937,0.9997775794472622
42.612158855598416,32.569030937060916,-16.530139191680714,0.999777665697006
42.55540008828879,32.611472931502696,-16.465426453827998,0.999777751237874
42.499101153182934,32.65368049785703,-16.4012989486679,0.9997778361411567
42.443218920057106,32.695683844555525,-16.337706993390885,0.9997779204707112
42.41161383932569,32.71948737628555,-16.30177134627252,0.9997779682031511
42.35516858255889,32.762085754440065,-16.237635830403274,0.999778053467671
42.30027907433458,32.803616543938595,-16.175329077045642,0.9997781364369994
42.24562138680531,32.845076691009936,-16.113345907009435,0.9997782191084622
42.191232671704896,32.88643697197661,-16.051727986429448,0.9997783014253211
42.137085581605355,32.927717110441364,-15.99044430758267,0.9997783834283394
42.083158119048434,32.96893294300989,-15.929469621134325,0.9997784651502811
42.02943005644208,33.01009911441637,-15.868781069845301,0.9997785466213114
41.975882894818305,33.051229092288445,-15.808357615041416,0.9997786278690507
41.93700988125399,33.08115201613374,-15.764533004170186,0.9997786868944061
41.883047894817146,33.122779763321596,-15.703748440947626,0.9997787688598301
41.82996822333474,33.16382920466727,-15.644019629860235,0.999778849536608
41.77697477963793,33.204913585336584,-15.584449395504391,0.9997789301326379
41.72409367212151,33.24601247016852,-15.525067355577546,0.9997790106080845
41.671311679078705,33.2871359025134,-15.465858845932077,0.9997790909828823
41.618618394977275,33.328291823917944,-15.40681235515013,0.9997791712727259
41.566004232640324,33.369487613563905,-15.347917504313745,0.9997792514921017
41.51346041694153,33.41073008571119,-15.289164568534941,0.9997793316542941
41.47518006572633,33.440841187772634,-15.246402558040993,0.9997793900980395
41.42210087932099,33.48268288363787,-15.187162952052251,0.9997794711641843
41.369804689744555,33.524009879229006,-15.128861967318576,0.999779551085509
41.31754669155727,33.56540872638497,-15.070668056475316,0.9997796309984216
41.265353860305396,33.60685813005841,-15.01261179041794,0.9997797108616778
41.2132167195341,33.648365639539364,-14.954682674070012,0.9997797906897217
41.16112813108146,33.689937009841714,-14.89687344035337,0.9997798704934518
41.109081383269896,33.73157771055848,-14.839176581832806,0.9997799502831408
41.05707023750046,33.77329288461672,-14.781586057874309,0.9997800300683616
41.02557642751589,33.798602464141375,-14.746748157729076,0.9997800784172484
40.97263728447147,33.841231880978434,-14.68824030700105,0.9997801597074742
40.92074205751527,33.88312518540829,-14.630954608481979,0.9997802394464873
40.868814232279625,33.925148754389824,-14.57370124258181,0.9997803192858971
40.816900844643435,33.96726496487718,-14.516532399494523,0.9997803991535892
40.76499522763478,34.00947954760343,-14.459441537285125,0.9997804790599101
40.713093595754906,34.05179593643357,-14.402424565742438,0.9997805590107949
40.66119229100499,34.094217493306786,-14.345478507251023,0.9997806390119981
40.60928789893825,34.13674741201819,-14.288599496368699,0.9997807190689127
40.58768110999121,34.15448308462564,-14.26494474492468,0.999780752423427
40.54452360889223,34.189963624856084,-14.21773135364894,0.9997808190534261
40.492200182427105,34.23307862092052,-14.160555622339203,0.9997808998722146
40.440302285814184,34.2759505276638,-14.103918192008914,0.9997809800857639
40.38836682782505,34.31896109621492,-14.047312386644077,0.9997810604088861
40.33641354547394,34.36209455949584,-13.990761219274,0.9997811408112921
40.28443923206566,34.40535410970944,-13.934261036053233,0.9997812212981322
40.2324420980807,34.44874178495766,-13.877811182302796,0.9997813018723749
40.18042021897518,34.492259754685634,-13.821409637787704,0.9997813825372063
40.16102161432952,34.50851546662072,-13.800399059012884,0.9997814126430881
40.12227007794776,34.541034536945645,-13.758456792205905,0.9997814727902299
40.069574655517,34.585353340375846,-13.70148918280342,0.9997815546115021
40.01751532513372,34.629248986460134,-13.645286757428533,0.9997816354988982
39.96539104495645,34.673311172379904,-13.589092442456781,0.9997817165401578
39.91323401550093,34.71751342027487,-13.532940904117329,0.9997817976855385
39.86104136160122,34.761858818772374,-13.476830779244066,0.9997818789397535
39.80881196253443,34.80634898913597,-13.420760271423841,0.9997819603047964
39.75654468067958,34.8509855810553,-13.364730449561124,0.9997820417826933
39.74512978842314,34.86074920796001,-13.352505564035496,0.9997820595940348
39.72231598537971,34.880279194090036,-13.32808370107338,0.9997820951940082
39.67675222018245,34.91935008260669,-13.279352890951948,0.9997821663032839
39.624086930213885,34.9646197203163,-13.223103649928914,0.999782248539023
39.57171727511927,35.00975177777521,-13.167253300606516,0.9997823303682305
39.51928791013587,35.05505215565959,-13.111422506304685,0.999782412345519
39.46681508329082,35.10050761534976,-13.055630038646523,0.9997824944458079
39.41429726980341,35.14612023357617,-12.999874028776746,0.9997825766717655
39.361733832535684,35.191891331858685,-12.944156009938334,0.9997826590246778
39.339598336872854,35.21120213290926,-12.920719025928088,0.9997826937361983
39.29538801798577,35.249834307737764,-12.873952436557937,0.9997827630727555
39.24233459659158,35.29630587387205,-12.817913438221327,0.999782846320377
39.18965360538974,35.342572616986,-12.762354661600142,0.9997829290405619
39.13690320797827,35.38902200899388,-12.706812634601615,0.9997830119262419
39.08410404207151,35.435636767861126,-12.65130766208004,0.9997830949453536
39.03125471269153,35.48241895474922,-12.595841019818943,0.9997831781004001
38.97835505908089,35.529369552621496,-12.540411986138425,0.9997832613919494
38.943980453664025,35.55994507477052,-12.50444457547271,0.9997833155601394
38.8901220731099,35.60795698736408,-12.448165369459414,0.9997834004572933
38.837141824144936,35.655312754869996,-12.392899262214856,0.9997834840297385
38.78406446500478,35.702881797042885,-12.33762431119071,0.9997835678135626
38.730936297540005,35.750623654140924,-12.282392221643914,0.9997836517361314
38.67775477429187,35.79854150215963,-12.227199496884982,0.999783735801796
38.62451969056144,35.84663642846226,-12.172047864336415,0.999783820011216
38.57123073393911,35.894909626395794,-12.116937799431193,0.9997839043652244
38.55789662613007,35.90700902084231,-12.103164424970986,0.99978392549362
38.531250869981555,35.93121188276385,-12.07565788634992,0.9997839677181353
38.47804905188373,35.97963387535292,-12.020808974359221,0.9997840520383464
38.42462845734007,36.02838648275325,-11.965834322283436,0.9997841367651183
38.37115933035864,36.07731586163229,-11.91091034139341,0.9997842216292552
38.31763341523191,36.126430500003735,-11.85602862307073,0.9997843066441933
38.26403988468334,36.17574134428514,-11.801181351203065,0.9997843918274939
38.210354988531854,36.225271396176765,-11.746341756884911,0.9997844772173167
38.18102814876087,36.25238586407338,-11.71643056478083,0.999784523905903
38.12604942939194,36.30332659992437,-11.660437677659804,0.9997846114503569
38.072230999045,36.35333111730215,-11.605733470973519,0.9997846972115354
38.01826557249502,36.40361072331417,-11.550986227411002,0.9997847832694106
37.96421836156943,36.45410611908879,-11.496266042083892,0.9997848695206407
37.91008767675798,36.50482010731746,-11.441568035114877,0.9997849559683838
37.8558749580242,36.55575257369592,-11.386901697284479,0.9997850426108084
37.812966899132995,36.59616526330867,-11.343710822267926,0.9997851112426207
37.758074854811476,36.6479954518089,-11.288563024117574,0.9997851990864226
37.70368126833485,36.699500007563756,-11.234025486749662,0.9997852861982116
37.64918106163698,36.7512509187391,-11.17950269452484,0.9997853735457404
37.59460466298015,36.80322064193728,-11.12501360039951,0.9997854610807898
37.53995152083464,36.85541094238613,-11.070572003858754,0.9997855488047026
37.4852225153116,36.90782222799627,-11.016168788945048,0.999785636716528
37.453426788621506,36.93833995102623,-10.98462161672773,0.9997856878377731
37.397489545901664,36.99215151297844,-10.928767875921162,0.999785777796949
37.34264276156657,37.04506650292162,-10.870840187484577,0.9997858660715555
37.28766447464941,37.09826050999958,-10.812899611223616,0.9997859546251338
37.23261474970756,37.15167692031486,-10.755023567749168,0.9997860433615794
37.17749150954427,37.20531902010645,-10.6972032480129,0.9997861322846984
37.122295461339306,37.259187407549106,-10.639445191773305,0.9997862213938161
37.10208687498269,37.278948936852565,-10.61832955426941,0.9997862540526365
37.06172324246537,37.31848245418528,-10.57622330311579,0.9997863192922015
37.005698095246075,37.37349455969264,-10.517891905391217,0.9997864098858765
36.95035399575619,37.42799740837299,-10.46042337533813,0.9997864994492769
36.89489953269053,37.48276861836428,-10.402973719408356,0.999786589261208
36.83937360046543,37.537771264335326,-10.345607760493603,0.9997866792592739
36.783774742697865,37.5930081277681,-10.288306107922383,0.9997867694463096
36.75867591700379,37.617996831301795,-10.262492124494667,0.999786810200737
36.70856158472134,37.667990803858096,-10.21102988965866,0.9997868915876724
36.65255793173894,37.724017411382285,-10.153678397754392,0.9997869825997049
36.59676252878421,37.78000166670022,-10.096681336225004,0.9997870733458271
36.54088026422718,37.836239880435336,-10.039768021433897,0.9997871643055839
36.48492580393183,37.8927187539214,-9.982927949470167,0.9997872554556414
36.428898749794975,37.94944009694596,-9.926182594285349,0.9997873467971399
36.422865600349084,37.95555813841125,-9.920080074462343,0.9997873566447429
36.41080416315388,37.96779520711202,-9.907884734811779,0.9997873763327988
36.38670072066602,37.992273284891674,-9.88354429455318,0.9997874156803388
36.33857144439529,38.04124518034313,-9.835037022608027,0.9997874942613704
36.28203495797143,38.098932974051536,-9.778203378801818,0.9997875866269395
36.225826007759295,38.156460267770356,-9.721874563356707,0.9997876785326506
36.16952215180646,38.214259123343815,-9.665621825299576,0.9997877706683926
36.113144215900476,38.27230974387376,-9.609462833826262,0.999787863000669
36.09447381696376,38.29157297145514,-9.590901835120054,0.9997878936118659
36.05717996248899,38.33010910268405,-9.553902513561544,0.9997879547650151
35.99977517447699,38.38957789072777,-9.497074761892305,0.9997880489317292
35.943261592430595,38.44830396055314,-9.441341392008496,0.9997881417148509
35.88662483854315,38.507338560176585,-9.385649592061798,0.9997882347769785
35.82991439079206,38.566631894075734,-9.33008776758199,0.9997883280375067
35.77312844216611,38.62618741383134,-9.274637364382224,0.9997884214999339
35.716266829925544,38.68600687481387,-9.219304051860286,0.9997885151650638
35.659330070575024,38.746091329696796,-9.164108925189742,0.9997886090325846
35.60231834678454,38.8064421915171,-9.109017630577625,0.999788703102734
35.545231823296355,38.86706090326506,-9.054095452142734,0.9997887973757816
35.4880707227232,38.927948857417455,-8.999280788190598,0.9997888918519026
35.45865002925823,38.95936217770318,-8.971168017215883,0.999788940530468
35.40006245907586,39.022069058176605,-8.915310258815651,0.9997890374877649
35.342801158680246,39.08355178232444,-8.860983458948509,0.9997891323340229
35.28539656529447,39.145383141783306,-8.806709765308021,0.999789227498903
35.22791984078688,39.20748851279197,-8.752615320210614,0.9997893228652319
35.17036763757614,39.26987320760295,-8.698676656415705,0.9997894184391108
35.15079643910811,39.29113300152353,-8.680391328104164,0.999789450977839
35.11170696752095,39.33366407402231,-8.643927781270913,0.9997895159763244
35.0531567229824,39.397541855039556,-8.589564110098122,0.9997896133766618
34.99546255504782,39.46068893621731,-8.536201743220268,0.9997897094383967
34.9376453925967,39.52417403764046,-8.483028836393137,0.9997898057888532
34.87975300158697,39.58794674359032,-8.430011934590752,0.9997899023491752
34.849380762604476,39.621486362790016,-8.402318794401998,0.9997899530635067
34.790069128600216,39.68714745691673,-8.348406942513053,0.9997900521224328
34.73206730683756,39.75156933414251,-8.296003349451437,0.9997901490823463
34.67391984546593,39.816363246679494,-8.243726534575204,0.9997902463716695
34.615697104115924,39.88145302470721,-8.191661597733495,0.9997903438735217
34.557395780235,39.946844245256834,-8.139851151192712,0.9997904415940164
34.55411421710186,39.950531247288716,-8.136943074562941,0.9997904471016861
34.54755260495096,39.95790559157004,-8.131130016037062,0.9997904581147453
34.53443543445623,39.97265564046905,-8.119516272538423,0.9997904801317495
34.508225287476726,40.00216117534204,-8.096338227648546,0.9997905241293437
34.45590160007925,40.06119395922582,-8.05034182782529,0.9997906119792173
34.39716357828168,40.127671468894356,-7.998928956143281,0.9997907106729005
34.338648244149525,40.194116684560925,-7.94811828032671,0.9997908090817194
34.28003613212399,40.26089275193966,-7.897497228332266,0.9997909077423972
34.264936269408636,40.27813180062835,-7.884528235498742,0.9997909331917131
34.234768846371345,40.312617267142386,-7.8586567272280385,0.9997909840415489
34.174690056612384,40.38147169780056,-7.807403396502535,0.9997910853323703
34.11595926340851,40.44900896328608,-7.757652406766904,0.9997911844440579
34.05707530865029,40.51694953142645,-7.708179980537898,0.999791283904946
33.99811077592144,40.5852121588584,-7.6589283219368465,0.9997913835933353
33.981518294006925,40.60446259256121,-7.645189171828962,0.9997914116809102
33.948372647189395,40.64297257383832,-7.617792482932593,0.9997914677964271
33.8880591548457,40.713234998133046,-7.5681576845533325,0.9997915699372725
33.828959362178885,40.782319570030936,-7.519605961752884,0.9997916701183329
33.76971136853543,40.85181311816654,-7.47132889721873,0.9997917706436719
33.71038097216088,40.92164105427776,-7.423376600377213,0.9997918714025429
33.70370761769867,40.929510087147065,-7.41799584850746,0.9997918827511544
33.69036732268461,40.94524966506114,-7.407311273395047,0.9997919054386003
33.66371236487926,40.97673486464575,-7.38604515425548,0.9997919507744315
33.61050479111912,41.039729399279636,-7.343729399490464,0.99979204129023
33.55071260172764,41.11075124189987,-7.2967379346219685,0.9997921430875713
33.49114371046929,41.181752710880865,-7.25028876168122,0.999792244600851
33.43147136430792,41.253123805577765,-7.204373375719155,0.999792346386307
33.43136423337201,41.25325216197202,-7.204291137848735,0.999792346569307
33.431149973166775,41.25350887515999,-7.2041266656489205,0.9997923469353047
33.430721459422585,41.2540223031336,-7.203797735465618,0.9997923476672896
33.429864458598495,41.25504916547148,-7.203139931962073,0.9997923491312188
33.428150563601186,41.25710291570845,-7.201824552389128,0.9997923520589137
33.42472320015964,41.2612105184164,-7.199194702834624,0.9997923579136502
33.41787017908542,41.26942613268187,-7.193938640930226,0.9997923696205103
33.40417095694677,41.285858995919114,-7.183441056650752,0.9997923930237863
33.37679976692504,41.31873125568295,-7.162693754735279,0.9997924397886145
33.32216619798679,41.384501864084434,-7.121500461901123,0.9997925331517927
33.262074689166106,41.45708524326875,-7.076753904868498,0.9997926359265824
33.20214896478795,41.52972237102255,-7.0325669694003405,0.9997927385160787
33.164352226747354,41.57566757223516,-7.005156432855812,0.999792803295687
33.103226563602014,41.650186628264166,-6.961071862871851,0.9997929081013618
33.043121676244816,41.723722181187476,-6.918551743517399,0.9997930112583991
32.9828714861481,41.79769657131469,-6.876403591642505,0.9997931147641576
32.92253234887286,41.872043525288156,-6.83492264349711,0.999793218522711
32.90235831865244,41.89696001822149,-6.821110925308292,0.9997932532589574
32.86207021783215,41.94680779593914,-6.794060687551598,0.9997933226388951
32.80063331710742,42.02305139297772,-6.753087198686103,0.9997934284886356
32.740110835266464,42.098431683731675,-6.713747557058612,0.9997935328667092
32.679447057593855,42.17425982591168,-6.674879120625914,0.9997936375902153
32.64535625936661,42.216992444672655,-6.65346107889306,0.999793696511558
32.58330271650567,42.29499888651192,-6.61495159838387,0.9997938037962277
32.522487402586,42.37172898125772,-6.578145016153243,0.9997939090464348
32.46151472069066,42.44893761852638,-6.542134103095058,0.999794014672397
32.40045182171458,42.52654301150962,-6.506723144099065,0.9997941205587022
32.393114382189026,42.53588733123993,-6.502601337262524,0.9997941333005387
32.378447561003576,42.554578022360644,-6.494391057333189,0.9997941587716346
32.349146116479936,42.59196760357493,-6.478044287418311,0.9997942096635872
32.29067175040487,42.66677950055861,-6.445809418903364,0.9997943112470707
32.229281976211695,42.74560467532358,-6.4131966357914125,0.9997944179934367
32.16793094229487,42.82467162245372,-6.381541251865831,0.9997945247783919
32.14562640656149,42.8534894340937,-6.370315625797288,0.9997945636521127
32.10109229058619,42.91114439761124,-6.3480392344463175,0.9997946412820795
32.038774711256444,42.9920831935714,-6.318412156647842,0.9997947499730276
31.977203427086515,43.072353122379084,-6.2900116048865495,0.9997948574712988
31.91549387044034,43.15310463184607,-6.26275167536525,0.9997949653181686
31.9026202153521,43.16998894626787,-6.257109983594086,0.9997949878487009
31.876898072099262,43.203764171578484,-6.246421003578296,0.9997950328700673
31.82555426644211,43.271340964137046,-6.225406218484095,0.9997951227543752
31.763167553067568,43.353737049365655,-6.201141417814141,0.99979523205094
31.701202823769833,43.43588701170148,-6.178066236250175,0.999795340718049
31.664052330488456,43.48528886215996,-6.165372469133697,0.9997954059476942
31.600742825933896,43.5697357751636,-6.144139417234637,0.9997955171492325
31.538573739082484,43.65298130120354,-6.125448955137708,0.999795626460228
31.476244695672573,43.73676095590164,-6.107881230920489,0.9997957361620659
31.429693349681173,43.79954308183319,-6.095918359282006,0.9997958181878092
31.366457033959932,43.885116913156864,-6.081155029977617,0.9997959296803037
31.30390951669369,43.9700882107157,-6.067969165209746,0.9997960400709553
31.24122354660474,44.05557837923865,-6.057258188769607,0.9997961508166884
31.199493177003166,44.112674171357824,-6.050506142909415,0.9997962246280304
31.13566533131085,44.200290747241866,-6.0429283846120745,0.9997963375778666
31.072782285263767,44.286951420881955,-6.037048599389205,0.9997964489698775
31.009747893778464,44.374162386829525,-6.033088381862189,0.999796560741419
30.973332017064305,44.42470213119869,-6.0321610871975135,0.9997966253930113
30.908898243866023,44.51440912012844,-6.0317003678416174,0.9997967398241495
30.845687861020966,44.602765598873205,-6.034249030805296,0.9997968521979219
30.782311671495755,44.691706685196955,-6.038632728428506,0.9997969649782329
30.75109541520696,44.73564557145033,-6.042084221243462,0.9997970205996076
30.68881608492838,44.82356637096215,-6.049984620991371,0.9997971315927903
30.625161850532702,44.91378598197038,-6.061336781041432,0.9997972451448675
30.561464114395797,45.0044315387804,-6.0754292610580976,0.9997973588865819
30.532680784996842,45.04551200974403,-6.082629905230951,0.9997974103498602
30.475245279688853,45.12771031260543,-6.098838383240986,0.9997975130609361
30.411035054888654,45.21996007192814,-6.11973267514824,0.9997976279810502
30.347035456338194,45.31228329321336,-6.144528486275822,0.9997977426363723
30.31798965783682,45.35430806761782,-6.156331281681693,0.9997977947385369
30.26003252915144,45.438396446817684,-6.1829557104776685,0.9997978987199969
30.19551356069568,45.53237273162314,-6.2149552713016885,0.9997980145677299
30.13119303301429,45.626447707727586,-6.251811674178674,0.9997981301702352
30.10690873170928,45.662067010602335,-6.265936951433354,0.999798173873235
30.058434786075306,45.73333333709471,-6.297558200384422,0.999798261120795
29.993161821618326,45.82964975226373,-6.344795256167795,0.9997983786698389
29.928568975561316,45.92536279717162,-6.397139753290658,0.999798495104809
29.899361693466947,45.9687732416918,-6.421146680535126,0.9997985478194097
29.841084934517262,46.05563500816684,-6.4743590207000565,0.9997986530157216
29.77592822843035,46.15314087221746,-6.53686285269214,0.9997987707205688
29.710980093193616,46.25074636790248,-6.6037478258959235,0.9997988881557444
29.695212431562634,46.274504669642056,-6.620581796555599,0.9997989167041463
29.66371756814139,46.32203345349605,-6.656447773479201,0.9997989737317361
29.600889286454162,46.4171396361595,-6.728688841514208,0.9997990875106862
29.53556963304549,46.516432084595586,-6.811247969828067,0.9997992058989422
29.49443943997869,46.579172369957575,-6.864417771007176,0.9997992805263424
29.427924170937064,46.680994175629195,-6.957413932515072,0.9997994012497385
29.362486176247263,46.781602229635304,-7.054245920204203,0.999799520121401
29.29687619877655,46.882911019630434,-7.156000539861017,0.9997996394044689
29.296821514508114,46.88299564097231,-7.156092062612958,0.9997996395040297
29.29671214646473,46.88316488380884,-7.156275109749778,0.9997996397031501
29.2964934123519,46.88350337009298,-7.156641210514954,0.9997996401013877
29.296055952021835,46.88418034510555,-7.157373438010243,0.9997996408978487
29.295181062943,46.88553430490756,-7.158837996851614,0.9997996424907155
29.29343141110187,46.88824226361669,-7.161767529865167,0.9997996456762273
29.289932612616433,46.89365833743616,-7.167628256638136,0.999799652046364
29.282937035878582,46.90449111052648,-7.1793563485485725,0.9997996647830911
29.268953958902962,46.926159157284594,-7.202839048906117,0.999799690242366
29.24102007553104,46.96950524328692,-7.249910220862097,0.99979974110425
29.185281108297122,47.05623730665104,-7.346339362711766,0.9997998426017662
29.118972677079505,47.15983397670554,-7.468378861627735,0.9997999634145512
29.10253370403362,47.185587929751954,-7.498831355520708,0.999799993403196
29.069700599505968,47.237109870769274,-7.5639547531228475,0.9998000533008584
29.004213292288842,47.34020976197526,-7.695469524069779,0.999800172778309
28.93807257131513,47.44479617438525,-7.838414809292213,0.9998002935358492
28.911255544294402,47.48733295052015,-7.897001424800281,0.9998003425506677
28.85774151051329,47.57244450320722,-8.02094021446154,0.9998004403643668
28.790799444313507,47.67934320309515,-8.180835471943027,0.9998005627749436
28.724360338767237,47.78591481235248,-8.350083724476109,0.9998006843487642
28.722923393763384,47.788225006764876,-8.353760622443376,0.9998006869814613
28.720049851052288,47.792845507279935,-8.361115536819925,0.999800692246219
28.71430415449756,47.802086954979465,-8.375829833830585,0.9998007027731898
28.70281831430743,47.82057163632215,-8.405276274451882,0.999800723816956
28.67986882521691,47.857548136910246,-8.467631481241893,0.9998007658638103
28.634058449364833,47.93152964272582,-8.593571875748244,0.9998008497950014
28.566403863641206,48.041207769157225,-8.786831345074404,0.9998009737740827
28.537665633944346,48.087948743237384,-8.871980896218448,0.9998010264882304
28.480328731997012,48.18147599074554,-9.046415276093096,0.9998011316574837
28.412952558739423,48.29184517138716,-9.261201532364355,0.9998012552869573
28.35513591412547,48.386958764395004,-9.455713828758537,0.9998013614401057
28.287544124521386,48.49862948429146,-9.690256265744695,0.9998014855809183
28.22027685909314,48.61027696108157,-9.9368277688495,0.9998016091823214
28.175392932270416,48.68505984811991,-10.107726367218882,0.9998016917068248
28.10685944053528,48.799691148468284,-10.376950511526795,0.9998018177174358
28.039300138651225,48.91322257141604,-10.658221460182961,0.9998019419821614
27.998373588460442,48.982255734688295,-10.8308316321053,0.9998020173023431
27.929328577603318,49.09916063864885,-11.13973964106911,0.9998021443574018
27.8614653038394,49.214609724304104,-11.455085662779597,0.9998022692691145
27.824012117469834,49.278557933269525,-11.6340699620943,0.9998023382397105
27.75448467843197,49.39771193553718,-11.980093008303255,0.9998024662459918
27.686321377298377,49.51508882292844,-12.331418606137227,0.9998025917558433
27.652244232267243,49.57397889971859,-12.515513614605783,0.9998026545260829
27.584292155916863,49.69182875868347,-12.888610770121792,0.9998027796530669
27.515743606755933,49.81128216707203,-13.282572297212456,0.9998029058725979
27.48301401483456,49.86851989260064,-13.476659486697262,0.9998029661527434
27.41774248946909,49.98306081232058,-13.874738429135117,0.9998030863203218
27.34876775134698,50.104673453840334,-14.313987420082674,0.9998032132766768
27.316264913213807,50.16218612706814,-14.524332907595634,0.999803273106987
27.251445394243888,50.27727718629935,-14.961683737103028,0.999803392368514
27.182147360801924,50.40090568029669,-15.443293218505138,0.9998035198185603
27.15193291270107,50.45499914356387,-15.661931365240964,0.9998035753831961
27.091665843408467,50.56324387872816,-16.10200867780048,0.9998036861565254
27.02186954042407,50.68918577866251,-16.635846705275384,0.9998038143679038
26.989973028601867,50.74694961472605,-16.884274054693467,0.9998038729422303
26.926361373837082,50.86254281342619,-17.397776447703478,0.9998039896813413
26.856417090920502,50.99025285139653,-17.98161154421047,0.9998041179391335
26.830309748029492,51.03808631165418,-18.203916697638796,0.999804165789661
26.7782173093694,51.133797938894624,-18.657321414586967,0.9998042612066877
26.70747519179037,51.264351629587004,-19.291617860676315,0.9998043906587747
26.672926908286435,51.328352642548666,-19.61396935104646,0.9998044538285218
26.60404551697052,51.45643417109849,-20.263747727687385,0.999804579654104
26.533748084993036,51.58780949892457,-20.95853490308815,0.9998047078963919
26.517696304519166,51.617901995914174,-21.117681221944387,0.9998047371522647
26.48563950999195,51.678104505577714,-21.442578751175052,0.999804795548584
26.421712469315256,51.79857941364625,-22.10771057845365,0.9998049118790207
26.36468621094109,51.906524344945204,-22.718986704588136,0.9998050154989875
26.29340120647094,52.04209399388592,-23.500024211640213,0.9998051448176627
26.222624065933005,52.17740022268931,-24.30891273879383,0.9998052729601967
26.213696719214116,52.1945168146571,-24.410896045392356,0.9998052890986763
26.195856659337064,52.22875560760601,-24.61692919101355,0.9998053213371108
26.16023498271838,52.29725559825905,-25.043120635857107,0.9998053856597489
26.089224675209675,52.43434494822824,-25.897697592891443,0.9998055136870029
26.064898060789613,52.48147426270262,-26.201914558456647,0.9998055574582511
26.016353979956413,52.57577510473127,-26.808241903711743,0.999805644704476
25.94403201557201,52.71689664631826,-27.742729691271393,0.9998057744131116
25.918063031522948,52.767754846870105,-28.08116541713784,0.9998058208734872
25.866250110769556,52.869520128178166,-28.77596990683235,0.999805913443115
25.793793911071162,53.01249071760196,-29.764096196626696,0.9998060425695285
25.77319170629009,53.05328429207378,-30.056384140655055,0.9998060791796034
25.732066452637763,53.13490273999535,-30.640375547058078,0.9998061521693212
25.65886455555962,53.28080451587646,-31.705619477812682,0.999806281775035
25.630269381287377,53.3380166254756,-32.12860106853542,0.999806332228409
25.573232259493153,53.45250201892799,-32.98780374264724,0.9998064326734023
25.500450066805666,53.599306706839414,-34.10481023692613,0.9998065603983571
25.489194630396227,53.622081411644395,-34.28455793555167,0.9998065800739275
25.46670765069057,53.66764048428739,-34.64377137724526,0.9998066193501267
25.42182907111507,53.75879721184099,-35.35858859250421,0.9998066976021769
25.350012181822215,53.90531667305563,-36.53223867766577,0.9998068224108156
25.277465971245963,54.054137204640455,-37.742062673543266,0.9998069478436672
25.212552859842507,54.187997582488585,-38.84991337444521,0.999807059472001
25.13937567636642,54.33969688435373,-40.135194299597686,0.9998071846443537
25.076874330094974,54.469938882235155,-41.25057922674595,0.9998072908997477
25.003283051570968,54.62409297252899,-42.58880734233851,0.9998074152860202
24.942939721578462,54.75114872269292,-43.721950276672644,0.9998075165741163
24.868954052909256,54.90773798178591,-45.127101431330665,0.9998076399811245
24.810713081233384,55.03163537286219,-46.250283631739535,0.999807736368617
24.736341726654583,55.19066253028945,-47.722903793464916,0.9998078586131864
24.680159459161864,55.311406973886385,-48.84779507619629,0.999807950150352
24.60540970663012,55.47287730499419,-50.369142019774195,0.999808071042418
24.55124488089486,55.59047152579496,-51.50150166576961,0.9998081577797312
24.476123795354713,55.75439036212389,-53.08149562073146,0.9998082771198507
24.42393631429906,55.86883688821735,-54.19749734272419,0.9998083591104919
24.348449536859796,56.03521228919952,-55.8378592146384,0.9998084766918444
24.29820163351257,56.14651079064791,-56.93233806740548,0.9998085539902328
24.222354151389514,56.31535194829342,-58.62852338479412,0.9998086695968499
24.174009588189936,56.423500834224086,-59.71963299238087,0.9998087422601487
24.097806603698423,56.59481616974004,-61.45011161512883,0.9998088556649696
24.022697057884145,56.764694377837216,-63.19371862884733,0.999808965668543
23.947357038100428,56.93612148295747,-64.96130229774181,0.99980907416241
23.871846887462752,57.108977770202884,-66.74847931433565,0.9998091809485842
23.796163756203068,57.28328643759129,-68.55423744572904,0.9998092859171834
23.720307679053917,57.45906440329391,-70.3964686238662,0.9998093889482744
23.64427818107381,57.636330046413626,-72.25881910922274,0.9998094899166805
23.568074767313483,57.81510209704239,-74.13650279141281,0.9998095886908249
23.491696874613464,57.9953997582055,-76.02828493896796,0.9998096851324864
23.415144157315837,58.17724203665555,-77.94725708873139,0.9998097790959324
23.338416189771138,58.36064844667103,-79.88566172355682,0.9998098704281065
23.261512232040808,58.54563958812717,-81.83436923138778,0.9998099589686857
23.184431519048264,58.73223647540579,-83.79204038707098,0.999810044549161
23.10717323594813,58.92046060721543,-85.76405723132163,0.9998101269924596
23.029736844245154,59.11033317621083,-87.75680092460048,0.9998102061119246
22.95212161421209,59.30187621280265,-89.75433706509607,0.9998102817116921
22.87432658276794,59.495112713471194,-91.7552520804857,0.9998103535862956
22.796350764234365,59.69006613967269,-93.75816293643643,0.999810421519785
22.718193133242423,59.886760472036926,-95.77831401302366,0.9998104852852207
22.639853055750528,60.085219127640826,-97.80081132119511,0.9998105446433668
22.561329468149633,60.28546703699867,-99.82094751793024,0.9998105993435256
22.482621216551237,60.48752981625648,-101.83737002440442,0.999810649122357
22.401916283398364,60.696129915123876,-103.89750371696093,0.9998106947254103
22.32119807250035,60.906208445392835,-105.96200704734423,0.9998107344913831
22.240328501747406,61.118144302185826,-108.01767194978976,0.9998107681911558
22.160922752469762,61.32768396926393,-110.02232349103599,0.9998107949490624
22.08125260894422,61.539370287450446,-112.01824998934768,0.9998108152605207
22.001394329969912,61.753028126180475,-114.00349219280453,0.9998108287382599
21.921343394210822,61.96869557648824,-115.99050694551023,0.999810835009074
21.8410985812833,62.18640254737678,-117.96293767307131,0.9998108336800674
21.760658383418857,62.406180307805414,-119.91971655017004,0.9998108243386029
21.680021271141403,62.62806079495869,-121.85984848441193,0.9998108065510911
21.59918591430492,62.85207601663679,-123.78239853091749,0.999810779861592
21.518151020846528,63.07825849844587,-125.69931143144983,0.9998107437909425
21.436914924970992,63.30664245730015,-127.59669103128724,0.9998106978361883
21.355475962060325,63.53726279013621,-129.47314708932294,0.9998106414688356
21.27195624249145,63.77552719370405,-131.37047940492639,0.9998105725875301
21.188410003890148,64.01566181402677,-133.24043250421562,0.999810491792852
21.104693934413977,64.25810532434575,-135.08839157366967,0.999810398355375
21.02081549208685,64.50286782114954,-136.91742969345074,0.9998102916226878
20.93677189189849,64.74998956088761,-138.71942526142206,0.9998101709003466
20.852561416210335,64.99950847621626,-140.49365218741434,0.9998100354595465
20.768181790760583,65.25146494333696,-142.2394772007154,0.9998098845354138
20.68363068876505,65.50590034426087,-143.9563648932716,0.9998097173247907
20.59891016902685,65.7628435825842,-145.64394677069978,0.9998095329937577
20.51501465345414,66.01927880964563,-147.28973094549366,0.9998093330311857
20.431931338627752,66.27521003858097,-148.88694929823464,0.999809117133819
20.349647693111834,66.53064122731516,-150.4357609633891,0.9998088849977518
20.268151450135296,66.7855762796425,-151.9368735763482,0.9998086363182493
20.18743060051119,67.04001904627972,-153.39099850868703,0.999808370788901
20.10747338578498,67.29397332589248,-154.8021632230082,0.9998080881047093
20.028268291603098,67.54744286609608,-156.17343116077942,0.9998077879606019
19.949804041293362,67.80043136443149,-157.49987466084443,0.9998074700513647
19.872069589649506,68.05294246931706,-158.78223434767625,0.9998071340706168
19.79505411691207,68.30497978097694,-160.02126045279692,0.9998067797139955
19.718747022938487,68.55654685234664,-161.22479769734687,0.9998064066777994
19.64313792155535,68.80764718995687,-162.3882971027741,0.9998060146588437
19.568216635086237,69.05828425479555,-163.5105526682375,0.9998056033531403
19.493973189048646,69.30846146314964,-164.5922934534907,0.999805172459269
19.42039780701399,69.55818218742631,-165.6409844560629,0.9998047216771642
19.347480905624728,69.80744975695502,-166.65247642022584,0.9998042507081901
19.275213089763028,70.05626745877034,-167.62539302922173,0.9998037592528857
19.203585147865567,70.30463853837647,-168.56147418932164,0.9998032470148425
19.132588047379294,70.55256620049391,-169.4676285884184,0.9998027136997925
19.062212930353173,70.80005360978866,-170.3369977874196,0.9998021590153665
18.992451109161163,71.04710389158465,-171.1702263553185,0.9998015826697513
18.92329406235184,71.29372013255967,-171.9739992235528,0.9998009843728215
18.854733430620286,71.53990538142546,-172.7445895908166,0.9998003638380841
18.78676101289802,71.78566264959218,-173.48059394217296,0.9997997207812502
18.71936876255691,72.03099491181801,-174.18720205407843,0.999799054920192
18.6525487837232,72.27590510684396,-174.86329508612667,0.9997983659730916
18.58629332769787,72.5203961380145,-175.50622181419908,0.9997976536625506
18.52059478947978,72.76447087388435,-176.1209125968961,0.9997969177141796
18.45544570438813,73.00813214881173,-176.70625724709652,0.9997961578564698
18.390838744780876,73.25138276353869,-177.25974797004426,0.9997953738189703
18.32676671686597,73.4942254857585,-177.7870384726985,0.9997945653340474
18.263222557602283,73.73666305067077,-178.28497633858396,0.9997937321386557
18.20019933168733,73.97869816152443,-178.75225822522415,0.9997928739727523
18.137690228628873,74.22033349014896,-179.1958682829667,0.9997919905795921
18.075688559897724,74.46157167747425,-179.6094198125595,0.9997910817029091
18.014187756159078,74.70241533403929,-179.99566481191843,0.9997901470915178
17.953181364579855,74.94286704048996,-180.35651423361324,0.9997891864983883
17.8926630462096,75.18292934806634,-180.68833373581296,0.9997881996798084
17.832626573432574,75.42260477907975,-180.99637346425098,0.9997871863954231
17.773065827488814,75.66189582737968,-181.27702416406984,0.9997861464053414
17.71397479606191,75.90080495881101,-181.53149142924397,0.9997850794763403
17.655347570931443,76.13933461166172,-181.76179283760968,0.9997839853788706
17.59717834568805,76.37748719710137,-181.96449232898087,0.9997828638870868
17.539461413509116,76.61526509961047,-182.1449240321667,0.9997817147784139
17.482191164993274,76.85267067740108,-182.29859601290536,0.9997805378311574
17.425362086051845,77.08970626282884,-182.4284667859989,0.9997793328309081
17.36896875585545,77.32637416279665,-182.53383084739545,0.9997780995667902
17.313005844834187,77.5626766591501,-182.614317785551,0.9997768378321018
17.257468112729605,77.79861600906504,-182.67211880425538,0.9997755474227003
17.20235040669703,78.03419444542737,-182.70431662393852,0.9997742281369566
17.14764765945664,78.26941417720518,-182.7152409672743,0.9997728797793678
17.093354887491852,78.5042773898136,-182.70076629906538,0.9997715021588177
17.03946718929357,78.73878624547244,-182.6648893417269,0.999770095088237
16.985979743649004,78.97294288355667,-182.60469504466883,0.9997686583839129
16.932887807973614,79.20674942094023,-182.52273401529453,0.9997671918631996
16.880186716685028,79.44020795233295,-182.41751387449696,0.9997656953509444
16.827871879617607,79.67332055061114,-182.290371158558,0.9997641686760301
16.775938780476512,79.90608926714158,-182.14083320105607,0.9997626116716053
16.724382975330105,80.13851613209943,-181.96942388788332,0.9997610241742195
16.673200091139574,80.37060315477997,-181.77629688739287,0.9997594060224154
16.622385824324695,80.60235232390454,-181.56149029481747,0.9997577570599754
16.571935939364707,80.83376560792044,-181.32550853955172,0.9997560771365174
16.521846267433286,81.06484495529536,-181.06817579809436,0.9997543661052044
16.47211270506662,81.29559229480623,-180.79011999045963,0.9997526238240843
16.422731212863702,81.52600953582258,-180.49116386538014,0.9997508501518035
16.373697814217845,81.75609856858478,-180.17182623803546,0.9997490449515294
16.325008594078632,81.98586126447685,-179.83211414510504,0.999747208093289
16.27665969774337,82.21529947629458,-179.4723192325022,0.9997453394504968
16.228647329677255,82.44441503850834,-179.09276512255718,0.9997434389011578
16.180967752361465,82.6732097675214,-178.69338240412964,0.999741506325562
16.13361728516836,82.90168546192332,-178.27491785487754,0.999739541606511
16.086592303263096,83.12984390273884,-177.83684339462795,0.9997375446327226
16.039889236530886,83.35768685367213,-177.3804044241283,0.9997355152978302
15.993504568529207,83.58521606134694,-176.90456985632878,0.9997334534993289
15.94743483546431,83.812433255542,-176.41114573668253,0.9997313591384155
15.901676625191326,84.03934014942266,-175.89860427398293,0.9997292321183383
15.856226576237363,84.26593843976808,-175.36911854709766,0.9997270723452402
15.811081376846952,84.49222980719449,-174.8211730155652,0.9997248797320172
15.766237764049265,84.71821591637465,-174.25635843122532,0.9997226541954012
15.721692522746503,84.94389841625323,-173.6740503662156,0.9997203956558127
15.677442484822901,85.16927894025854,-173.07498362939307,0.9997181040372779
15.633484528273799,85.39435910651056,-172.45939797660708,0.9997157792647109
15.589815576354255,85.61914051802532,-171.8271812355386,0.9997134212673672
15.546432596746675,85.8436247629158,-171.17940858749455,0.9997110299810329
15.503332600746978,86.06781341458931,-170.51528148302125,0.9997086053443661
15.4605126424688,86.29170803194152,-169.8363607676262,0.9997061472998003
15.417969818065265,86.51531015954713,-169.1418183228949,0.9997036557931831
15.375701264967882,86.73862132784737,-168.43259506824637,0.9997011307699959
15.33370416114212,86.96164305333417,-167.70880666474895,0.9996985721816504
15.29197572435922,87.18437683873152,-166.97049944635836,0.9996959799850794
15.25051321148386,87.40682417317333,-166.21866146371602,0.9996933541397742
15.209313917777221,87.62898653237878,-165.4527442480349,0.999690694608923
15.168375176215122,87.85086537882435,-164.67386240874208,0.9996880013587963
15.127694356820781,88.07246216191324,-163.8817862247302,0.9996852743549368
15.087268866011888,88.29377831814192,-163.07692638508263,0.9996825135686993
15.047096145961591,88.51481527126384,-162.25993300405793,0.9996797189768144
15.007173673973071,88.73557443245053,-161.43054387335422,0.999676890558306
14.967498961867351,88.95605720045012,-160.58976411699285,0.999674028295552
14.928069555384027,89.17626496174313,-159.73740645557487,0.9996711321738666
14.888883033594587,89.39619909069579,-158.87388719165978,0.9996682021783158
14.849937008328006,89.61586094971095,-157.99984552723424,0.9996652382978077
14.811229123608344,89.83525188937642,-157.11511406024857,0.9996622405273823
14.772757055104009,90.05437324861107,-156.22049646560038,0.9996592088642046
14.73451850958844,90.27322635480841,-155.31605541052582,0.9996561433084696
14.696511224411907,90.49181252397808,-154.4020121073758,0.9996530438628102
14.658732966984171,90.71013306088496,-153.4791715725793,0.9996499105309138
14.62118153426775,90.92818925918603,-152.5473499175689,0.9996467433179894
14.583854752281503,91.14598240156532,-151.60711627528107,0.9996435422350032
14.546750475614338,91.3635137598664,-150.65886728757437,0.9996403072960272
14.509866586948746,91.58078459522302,-149.70266175506796,0.9996370385174665
14.473200996593969,91.79779615818771,-148.73917022135183,0.9996337359184493
14.436751642028554,92.01454968885821,-147.76851050365295,0.9996303995186706
14.400516487452085,92.23104641700213,-146.79090328589393,0.9996270293395487
14.364493523345855,92.44728756217958,-145.80706613775448,0.9996236254059642
14.32868076604229,92.66327433386392,-144.81694368391,0.9996201877469738
14.293076257302914,92.87900793156071,-143.82093317252063,0.999616716393719
14.25767806390466,93.09448954492474,-142.81956535498261,0.999613211380054
14.222484277234313,93.30972035387548,-141.81288577900887,0.9996096727418059
14.187493012890933,93.52470152871045,-140.80132718964643,0.9996061005135995
14.152702410296037,93.73943423021727,-139.78528569522436,0.9996024947333945
14.118110632311392,93.95391960978365,-138.76488447728153,0.9995988554434776
14.08371586486423,94.16815880950601,-137.7405610848695,0.9995951826884092
14.049516316579705,94.38215296229632,-136.71263099180027,0.9995914765147504
14.015510218420468,94.59590319198739,-135.6812656704745,0.9995877369712793
13.981695823333142,94.8094106134366,-134.64689066972235,0.9995839641084445
13.948071405901592,95.0226763326281,-133.60977780459498,0.9995801579754794
13.914635262006804,95.23570144677348,-132.5701188498388,0.9995763186241358
13.881385708493251,95.44848704441092,-131.5283108762075,0.9995724461114706
13.848321082841572,95.66103420550307,-130.48461186146076,0.9995685404959024
13.815439742847445,95.87334400153323,-129.43922210074012,0.9995646018375782
13.782740066306522,96.08541749560028,-128.39250554983823,0.999560630198713
13.750220450705257,96.29725574251236,-127.34472065606458,0.9995566256412438
13.717879312917548,96.50885978887884,-126.2960595331603,0.9995525882279712
13.685715088907017,96.72023067320133,-125.24684578946493,0.9995485180242464
13.653726233434837,96.93136942596317,-124.1973493374262,0.9995444150984845
13.621911219772967,97.14227706971774,-123.14775091450875,0.9995402795212084
13.590268539422693,97.3529546191754,-122.09833512013739,0.9995361113641921
13.558796701838345,97.56340308128932,-121.04938606742071,0.9995319107013749
13.527494234156086,97.77362345534,-120.00106618358465,0.9995276776072821
13.496359680927657,97.98361673301865,-118.95362051990551,0.9995234121543253
13.465391603858993,98.19338389850935,-117.90734465874954,0.9995191144179718
13.43458858155357,98.40292592857013,-116.86238355120513,0.9995147844783339
13.40394920926041,98.6122437926128,-115.81895750469243,0.999510422416236
13.373472098626651,98.82133845278179,-114.77734128088314,0.9995060283137532
13.34315587745454,99.03021086403179,-113.73769054824606,0.9995016022547223
13.312999189462818,99.2388619742044,-112.70020049977431,0.9994971443225873
13.283000694052355,99.44729272410365,-111.66510053071211,0.9994926546006946
13.253159066075966,99.65550404757053,-110.63257508587489,0.9994881331744689
13.22347299561233,99.86349687155648,-109.60278924217896,0.9994835801317307
13.1939411877439,100.07127211619586,-108.57593492700174,0.9994789955621102
13.164562362338742,100.27883069487744,-107.55221247958008,0.9994743795566393
13.135335253836226,100.48617351431494,-106.53176405843104,0.9994697322071695
13.106258611036457,100.69330147461658,-105.51475804847526,0.9994650536065022
13.077331196893413,100.90021546935368,-104.50137899447714,0.999460343847199
13.048551788311675,101.10691638562848,-103.49176783068721,0.9994556030213175
13.019919175946711,101.31340510414073,-102.48607146837851,0.9994508312234005
12.991432164008598,101.51968249925378,-101.4844429581227,0.9994460285511397
12.963089570069162,101.72574943905946,-100.4870312537779,0.999441195102766
12.934890224872424,101.93160678544233,-99.49396412668982,0.9994363309772119
12.906832972148313,102.13725539414293,-98.50537540002938,0.999431436275434
12.878916668429563,102.34269611482024,-97.52139953339602,0.9994265110975972
12.85114018287174,102.54792979111335,-96.54215557778797,0.9994215555415388
12.823502397076338,102.75295726070225,-95.56776068212206,0.9994165697073285
12.796002204916865,102.95777935536792,-94.59832956438368,0.9994115536989271
12.768638512367888,103.16239690105155,-93.63397126999416,0.9994065076210045
12.741410237336947,103.366810717913,-92.67479329429264,0.9994014315783993
12.714316309499312,103.5710216203885,-91.72089708353862,0.999396325677467
12.687355670135501,103.77503041724775,-90.7723762235319,0.9993911900248709
12.660527271971517,103.97883791164995,-89.82932275875434,0.9993860247257688
12.633830079021754,104.18244490119947,-88.89182854525772,0.9993808298854886
12.607263066434507,104.38585217800063,-87.95997772537626,0.999375605611635
12.58082522034005,104.58906052871171,-87.03384052498768,0.999370352013383
12.554515537701219,104.79207073459845,-86.11349992943275,0.9993650692007565
12.528333026166466,104.99488357158675,-85.19903209596093,0.999359757284651
12.502276703925318,105.19749981031468,-84.29050543483416,0.9993544163767585
12.476345599566205,105.39992021618397,-83.3879686200458,0.999349046588309
12.45053875193662,105.60214554941071,-82.49149719931249,0.999343648029893
12.424855210005546,105.80417656507547,-81.60114961599183,0.9993382208126481
12.399294032728127,106.00601401317276,-80.7169787105663,0.9993327650487179
12.373854288912522,106.20765863865999,-79.83901428524699,0.9993272808516299
12.348535057088913,106.40911118150565,-78.96732510218894,0.9993217683361442
12.323335425380629,106.61037237673696,-78.10195461845079,0.9993162276176776
12.298254491377325,106.81144295448702,-77.24294128918785,0.9993106588118972
12.273291362010207,107.01232364004123,-76.39030162350195,0.9993050620342198
12.248445153429243,107.2130151538832,-75.54409239231497,0.9992994373995983
12.223714990882325,107.41351821174017,-74.70434412220256,0.9992937850230699
12.199100008596353,107.6138335246277,-73.87108345841503,0.9992881050200445
12.174599349660209,107.81396179889404,-73.04431092360298,0.9992823975075277
12.150212165909563,108.01390373626376,-72.22407542725428,0.999276662603729
12.125937617813511,108.21366003388091,-71.41039647039916,0.9992709004274033
12.101774874362976,108.4132313843518,-70.60329085999471,0.9992651110973741
12.07772311296087,108.61261847578697,-69.80274716689635,0.9992592947322481
12.053781519313963,108.81182199184293,-69.00880170650683,0.9992534514503069
12.02994928732644,109.01084261176331,-68.2214655712027,0.9992475813694927
12.006225618995106,109.20968101041939,-67.44074540458665,0.9992416846077615
11.98260972430622,109.40833785835038,-66.66662425436738,0.9992357612841617
11.95910082113392,109.60681382180302,-65.89911951329746,0.999229811519277
11.935698135140207,109.80510956277078,-65.13823929989373,0.9992238354342651
11.912400899676477,110.00322573903267,-64.38398176879927,0.9992178331503094
11.889208355686552,110.20116300419144,-63.63632922533563,0.9992118047883877
11.866119751611194,110.39892200771145,-62.89527466990345,0.9992057504690535
11.843134343294073,110.59650339495609,-62.16082629264259,0.9991996703125245
11.820251393889171,110.79390780722464,-61.43297428207441,0.9991935644388377
11.79747017376958,110.99113588178889,-60.71170376354355,0.9991874329682002
11.774789960437685,111.18818825192916,-59.99697886961105,0.9991812760222093
11.752210038436695,111.38506554696998,-59.28881246992968,0.9991750937234547
11.729729699263512,111.58176839231541,-58.58718838940259,0.9991688861947008
11.707348241282897,111.77829740948376,-57.89208875551751,0.9991626535587421
11.685064969642927,111.9746532161422,-57.20347445524897,0.9991563959377333
11.66287919619171,112.17083642614067,-56.52133579302169,0.9991501134532568
11.640790239395338,112.36684764954568,-55.84566043528659,0.9991438062265496
11.61879742425706,112.56268749267343,-55.17642483813503,0.9991374743790867
11.596900082237651,112.75835655812284,-54.51360006478751,0.9991311180327156
11.575097551176947,112.953855444808,-53.85713977343863,0.9991247373100859
11.553389175216552,113.14918474799036,-53.20704302147266,0.9991183323345583
11.531774304723665,113.3443450593105,-52.56328175199526,0.9991119032296765
11.510252296216034,113.53933696681952,-51.925826829782636,0.9991054501190235
11.48882251228799,113.73416105501025,-51.29463317319546,0.9990989731253974
11.467484321537581,113.9288179048478,-50.66967170219525,0.9990924723704089
11.446237098494741,114.1233080938001,-50.05092406806327,0.9990859479755576
11.425080223550523,114.31763219586783,-49.43835723373206,0.999079400062845
11.404013082887335,114.51179078161421,-48.83193738872242,0.9990728287547874
11.383035068410194,114.70578441819433,-48.23160756208027,0.9990662341742108
11.362145577678971,114.89961366938418,-47.63735067315755,0.9990596164443035
11.341344013841592,115.0932790956095,-47.049136135340966,0.999052975688445
11.320629785568215,115.28678125397404,-46.46692728914615,0.9990463120303777
11.300002306986334,115.48012069828778,-45.89068677635315,0.9990396255931531
11.27946099761681,115.67329797909463,-45.32035026356182,0.9990329164982795
11.259005282310811,115.86631364370004,-44.75590641816855,0.9990261848660527
11.238634591187646,116.05916823619806,-44.19731607710976,0.9990194308176278
11.218348359573476,116.2518622974983,-43.64453968475231,0.9990126544754144
11.198146027940892,116.44439636535255,-43.09753487717507,0.9990058559621341
11.178027041849337,116.63677097438104,-42.55624066253097,0.9989990354003231
11.157990851886371,116.82898665609846,-42.02064023795375,0.9989921929123017
11.13803691360975,117.02104393893983,-41.490692393236934,0.9989853286205643
11.118164687490317,117.21294334828579,-40.96635557573103,0.99897844264778
11.098373638855696,117.40468540648796,-40.44758583564235,0.9989715351156245
11.078663237834752,117.59627063289373,-39.93432101022865,0.9989646061442041
11.059032959302831,117.78769954387104,-39.42654129957193,0.9989576558524953
11.03948228282776,117.97897265283268,-38.92420391529393,0.9989506843606728
11.020010692616582,118.17009047026049,-38.427265969302645,0.9989436917902491
11.000617677463024,118.36105350372924,-37.93568441110698,0.998936678263169
10.981302730695699,118.55186225793024,-37.44939382888361,0.998929643900921
10.962065350127,118.74251723469473,-36.96837317989534,0.9989225888245701
10.942905038002705,118.93301893301702,-36.49257962188832,0.9989155131545668
10.923821300952257,119.12336784907737,-36.021969436594695,0.998908417011036
10.904813649939735,119.31356447626465,-35.556498804161926,0.9989013005135079
10.885881600215468,119.50360930519876,-35.09610777440693,0.9988941637810189
10.867024671268327,119.69350282375284,-34.64076375094545,0.9988870069320471
10.84824238677864,119.88324551707514,-34.190428331666226,0.9988798300852766
10.829534274571756,120.07283786761084,-33.74505757890637,0.9988726333599691
10.810899866572226,120.26228035512351,-33.304607593386656,0.9988654168757681
10.792338698758595,120.45157345671637,-32.86902607181879,0.9988581807522373
10.773850311118803,120.64071764685335,-32.438266223084355,0.9988509251087726
10.755434247606178,120.82971339738,-32.01229641205989,0.9988436500641364
10.73709005609602,121.01856117754403,-31.591072786921735,0.9988363557358957
10.718817288342752,121.20726145401576,-31.174551536735922,0.9988290422404945
10.700615499937642,121.39581469090835,-30.762688964055855,0.9988217096942881
10.682484250267088,121.58422134979779,-30.35542339548928,0.9988143582141316
10.664423102471442,121.77248188974269,-29.952729676441002,0.9988069879172695
10.646431623404391,121.96059676730394,-29.55456516614215,0.9987995989208638
10.628509383592856,122.14856643656401,-29.160886713152088,0.9987921913418589
10.610655957197425,122.33639134914621,-28.771651314877204,0.9987847652969766
10.592870921973294,122.52407195423375,-28.3868090506081,0.9987773209027063
10.575153859231726,122.71160869858849,-28.006314259711676,0.9987698582752902
10.557504353802006,122.89900202656962,-27.630135159308995,0.9987623775303349
10.539921993993891,123.08625238015209,-27.258229331944943,0.9987548787823165
10.522406371560544,123.27336019894484,-26.890554524713433,0.9987473621446148
10.504957081661944,123.46032592020899,-26.52706870880091,0.998739827730499
10.487573722828774,123.64714997887562,-26.167718513914192,0.9987322756539275
10.470255896926771,123.83383280756358,-25.81246997273616,0.9987247060294903
10.453003209121526,124.020374836597,-25.461286496021568,0.9987171189717582
10.435815267843743,124.20677649402269,-25.114127000471658,0.9987095145949179
10.418691684754938,124.39303820562732,-24.770950623549396,0.998701893012712
10.40163207471357,124.57916039495453,-24.43171671462056,0.9986942543380741
10.384636055741614,124.7651434833217,-24.096371451084075,0.9986865986829818
10.367703248991544,124.95098788983672,-23.764887169157664,0.9986789261585853
10.350833278713745,125.13669403141455,-23.437225365990827,0.9986712368758721
10.334025772224326,125.32226232279358,-23.11334636751541,0.9986635309458816
10.317280359873347,125.50769317655181,-22.793210778434364,0.998655808479674
10.300596675013441,125.69298700312305,-22.476779480721458,0.9986480695882185
10.283974353968832,125.87814421081264,-22.164000501169706,0.9986403143823582
10.267413036004731,126.0631652058134,-21.854848462823544,0.9986325429727712
10.250912363297132,126.24805039222112,-21.549285563397717,0.9986247554698219
10.234471980902965,126.43280017205007,-21.247273779412293,0.9986169519835184
10.218091536730629,126.61741494524829,-20.94877536058767,0.9986091326234153
10.201770681510895,126.80189510971275,-20.653752816794313,0.9986012974981624
10.185509068768159,126.98624106130441,-20.362157899073914,0.9985934467153788
10.169306354792054,127.17045319386305,-20.073963806352268,0.9985855803818355
10.153162198609413,127.35453189922204,-19.789135265023862,0.9985776986044324
10.137076261956578,127.53847756722293,-19.507635954554893,0.998569801490522
10.121048209252042,127.72229058572987,-19.22942987211289,0.9985618891478275
10.10507770756943,127.90597134064399,-18.954481314714656,0.9985539616839146
10.089164426610816,128.08952021591756,-18.682747157729246,0.99854601920596
10.073308038680349,128.27293759356806,-18.414196770664205,0.9985380618207155
10.057508218658215,128.4562238536921,-18.14879899545749,0.9985300896341499
10.041764643974913,128.6393793744792,-17.886519248519527,0.9985221027512314
10.026076994585829,128.82240453222542,-17.627323237755128,0.9985141012759592
10.010444952946134,129.00529970134704,-17.371176978060667,0.9985060853119249
9.994868203985977,129.18806525439382,-17.118043412896842,0.9984980549628327
9.979346435085974,129.3707015620623,-16.867885969175347,0.9984900103325085
9.963879336052997,129.55320899320904,-16.62067862604914,0.9984819515247497
9.948466599096246,129.73558791486371,-16.376388636963533,0.9984738786430981
9.933107918803616,129.91783869224184,-16.134983557443352,0.9984657917908171
9.917802992118334,130.09996168875776,-15.896431241454914,0.9984576910708172
9.902551518315889,130.28195726603724,-15.66069983552229,0.9984495765854395
9.887353198981222,130.46382578393008,-15.427750174649118,0.9984414484364181
9.872207737986196,130.64556760052255,-15.197557397630161,0.9984333067248875
9.857114841467324,130.82718307214978,-14.970092079523159,0.9984251515514218
9.842074217803766,131.00867255340793,-14.745323525460982,0.9984169830160508
9.827085577595591,131.1900363971663,-14.523221335430852,0.9984088012182762
9.812148633642273,131.3712749545795,-14.303755411400555,0.9984006062573533
9.79726310092147,131.55238857509906,-14.086894434724174,0.9983923982325484
9.782428696568017,131.7333776064855,-13.872603876750576,0.9983841772431428
9.767645139853197,131.91424239481998,-13.660861443557057,0.9983759433883255
9.752912152164232,132.0949832845157,-13.45163822694301,0.998367696766956
9.738229456984019,132.27560061832955,-13.244905607432242,0.9983594374775301
9.723596779871103,132.45609473737346,-13.040635249338973,0.9983511656181199
9.709013848439882,132.63646598112567,-12.83879908932927,0.9983428812859464
9.694480392341038,132.81671468744176,-12.639366556501306,0.9983345845771965
9.67999614324219,132.9968411925661,-12.44230858301833,0.998326275587042
9.665560834808787,133.17684583114237,-12.247602542140818,0.9983179544101791
9.651174202685194,133.3567289362248,-12.055221486324289,0.9983096211415505
9.636835984476022,133.53649083928883,-11.86513876375337,0.9983012758763882
9.622545919727653,133.71613187024164,-11.67732801134696,0.9982929187101139
9.60830374990998,133.89565235743302,-11.49176314261856,0.9982845497378745
9.594109218398364,134.0750526276658,-11.308415656413233,0.9982761690543942
9.57996207045578,134.2543330062061,-11.127259101420925,0.9982677767539696
9.565862053215186,134.4334938167938,-10.948272046711198,0.9982593729302601
9.551808915662072,134.6125353816528,-10.771429457877748,0.9982509576760298
9.53780240861722,134.791458021501,-10.596706556056922,0.9982425310831382
9.523842284719649,134.97026205556054,-10.424078821585509,0.9982340932426529
9.509928298409765,135.14894780156766,-10.253522004584372,0.998225644245468
9.496060205912684,135.32751557578254,-10.085010511382531,0.9982171841825253
9.482237765221754,135.50596569299924,-9.918518334992417,0.9982087131448062
9.468460736082255,135.6842984665553,-9.754026168897227,0.9982002312232061
9.45472887997529,135.8625142083414,-9.591510813127769,0.9981917385083174
9.441041960101842,136.04061322881088,-9.43094932135938,0.9981832350904077
9.427399741367019,136.21859583698924,-9.272318997475956,0.9981747210594001
9.413801990364473,136.3964623404835,-9.115597388988448,0.9981661965046541
9.400248475360984,136.57421304549158,-8.960762283666933,0.9981576615148241
9.386738966281229,136.75184825681134,-8.807786938099884,0.9981491161778605
9.3732732346927,136.9293682778499,-8.656654503507726,0.9981405605810847
9.359851053790809,137.10677341063263,-8.507343573213111,0.9981319948114814
9.346472198384136,137.28406395581214,-8.359832890584794,0.9981234189557754
9.333136444879855,137.4612402126773,-8.21410143801598,0.9981148331004296
9.319843571269315,137.63830247916187,-8.070128435126133,0.9981062373316683
9.306593357113774,137.81525105185347,-7.927893336995484,0.9980976317355186
9.293385583530297,137.99208622600213,-7.787373704876055,0.998089016397814
9.280220033177796,138.16880829552903,-7.6485496062262905,0.9980803914041826
9.267096490243238,138.3454175530349,-7.5114033426165845,0.9980717568398549
9.254014740427985,138.52191428980865,-7.375915271595125,0.998063112789474
9.240974570934295,138.69829879583568,-7.242065968730509,0.9980544593370917
9.227975770451962,138.87457135980623,-7.1098362261461014,0.9980457965661789
9.215018129145106,139.0507322691236,-6.979207051889268,0.9980371245597104
9.202101438639096,139.22678180991252,-6.850159668516882,0.9980284434002153
9.189225492007623,139.4027202670271,-6.722672510039699,0.9980197531697793
9.176390083759909,139.57854792405888,-6.596729788599486,0.9980110539500777
9.16359500982805,139.754265063345,-6.472313957398078,0.9980023458225904
9.150840067554496,139.92987196597602,-6.3494070833313225,0.9979936288686835
9.138125055679664,140.10536891180374,-6.227991442090829,0.997984903169607
9.125449774329686,140.28075617944904,-6.1080495143884805,0.9979761688064367
9.112814025004283,140.45603404630972,-5.989563980566155,0.9979674258598078
9.100217610564773,140.63120278856798,-5.872517717362406,0.997958674409836
9.087660335222193,140.8062626811982,-5.756890833884269,0.9979499145361206
9.075142004525569,140.9812139979744,-5.642669644732853,0.9979411463177404
9.062662425350284,141.15605701147777,-5.52983765433816,0.9979323698332317
9.050221405886592,141.33079199310407,-5.418378502662941,0.9979235851605845
9.037818755628235,141.50541921307098,-5.3082760167438785,0.9979147923772459
9.025454285361189,141.67993894042547,-5.199514210736733,0.9979059915601984
9.01312780715252,141.85435144305097,-5.092077287979912,0.9978971827862809
9.00083913433937,142.0286569876747,-4.985949638149294,0.9978883661322685
8.988588081518046,142.2028558398746,-4.881113497834097,0.9978795416748693
8.976374464533219,142.37694826408654,-4.777555910387589,0.997870709490666
8.964198100467254,142.55093452361135,-4.675261982130861,0.9978618696558484
8.952058807629632,142.72481488062172,-4.574216817325791,0.9978530222461323
8.939956405546488,142.89858959616913,-4.474405692268037,0.9978441673367626
8.92789071495026,143.07225893019074,-4.3758140533429675,0.9978353050025046
8.915861557769443,143.2458231415161,-4.278427514702957,0.997826435317572
8.903868757118445,143.419282487874,-4.182231855930151,0.9978175583556002
8.891912137287553,143.59263722589913,-4.087211628625797,0.9978086741896507
8.879991523732997,143.7658876111386,-3.993353757296786,0.9977997828922419
8.868106743067118,143.93903389805874,-3.9006451934258686,0.9977908845356543
8.856257623048641,144.11207634005146,-3.8090723706438414,0.9977819791921181
8.844443992573037,144.2850151894408,-3.718621885296446,0.9977730669338132
8.83266568166299,144.4578506974894,-3.6292804937535807,0.997764147832858
8.82092252145896,144.63058311440477,-3.5410351088824537,0.9977552219611262
8.809214344209849,144.80321268934577,-3.4538727961963094,0.9977462893900519
8.797540983263739,144.9757396704287,-3.3677804210325513,0.9977373501906228
8.78590227305875,145.14816430473385,-3.2827444435101567,0.9977284044333817
8.774298049113984,145.32048683831124,-3.198753725901289,0.9977194521883942
8.762728148020537,145.4927075161872,-3.1157959240114192,0.9977104935251764
8.75119240743264,145.66482658237015,-3.0338588370162354,0.997701528512689
8.739690666058854,145.83684427985682,-2.952930406404252,0.9976925572193412
8.728222763653378,146.00876085063814,-2.872998715171797,0.9976835797130538
8.716788541007428,146.18057653570523,-2.7940519890097177,0.9976745960615817
8.705387839940713,146.35229157505538,-2.7160785957975024,0.9976656063326211
8.694020503292984,146.52390620769773,-2.6390663716251255,0.9976566105938064
8.682686374915683,146.69542067165932,-2.563004091572555,0.9976476089126973
8.67138529966366,146.8668352039906,-2.487881158120644,0.9976386013565934
8.66011712338698,147.03815004077143,-2.4136864815613106,0.997629587992363
8.648881692922814,147.2093654171165,-2.3404091025403035,0.9976205688864392
8.637678856087398,147.38048156718114,-2.2680381903849476,0.9976115441048226
8.626508461668084,147.5514987241669,-2.1965630416754185,0.9976025137130659
8.615370359415467,147.72241712032698,-2.125973078402156,0.9975934777762264
8.604264400035579,147.89323698697197,-2.0562578465553734,0.9975844363588594
8.593190435182173,148.06395855447508,-1.9874064378179617,0.9975753895250222
8.582148317449077,148.23458205227772,-1.9194089146356652,0.9975663373382933
8.57113790036262,148.4051077088948,-1.8522555619324779,0.9975572798619985
8.560159038374138,148.57553575192023,-1.7859364120683154,0.9975482171593766
8.549211586852547,148.745866408032,-1.7204416176578279,0.9975391492935795
8.538295402076992,148.91609990299762,-1.6557614499733064,0.9975300763276701
8.52741034122957,149.08623646167925,-1.5918862967685579,0.9975209983245492
8.516556262388114,149.25627630803908,-1.5288066592413954,0.997511915346725
8.505733024519056,149.4262196651442,-1.4665131504347917,0.9975028274562705
8.494940487470359,149.59606675517188,-1.4049961896335499,0.9974937347148255
8.484178511964508,149.76581779941463,-1.3442466134308966,0.9974846371835997
8.473446959591579,149.9354730182853,-1.2842557218033195,0.9974755349233709
8.462745692802368,150.10503263132188,-1.225014561187125,0.9974664279944828
8.452074574901594,150.27449685719262,-1.1665142836891425,0.997457316456848
8.441433470041153,150.44386591370102,-1.1087461459083143,0.997448200369951
8.430822243213447,150.6131400177905,-1.0517015080244658,0.9974390797928784
8.420240760244779,150.78231938554953,-0.9953718338947318,0.9974299547845218
8.409688887788805,150.9514042322161,-0.9397486903069934,0.9974208254036657
8.399166493320049,151.12039477218292,-0.8848237139752959,0.9974116917089859
8.388673445127479,151.2892912190018,-0.8305883648958704,0.9974025537590474
8.378209612308147,151.45809378538857,-0.7770349005904384,0.9973934116122329
8.367774864760891,151.62680268322774,-0.7241552829432604,0.9973842653265224
8.357369073180086,151.79541812357706,-0.6719415684873654,0.9973751149594519
8.34699210904947,151.96394031667222,-0.6203859073409275,0.9973659605681174
8.336643844636011,152.13236947193144,-0.5694805421628323,0.9973568022091784
8.32632415298385,152.3007057979598,-0.519217807290584,0.9973476399388909
8.316032907908276,152.46894950255418,-0.46959012798349564,0.9973384738131615
8.305769983989792,152.6371007927073,-0.420590019384885,0.9973293038875564
8.295535256568202,152.80515987461237,-0.3722100140289501,0.9973201302173011
8.285328601736776,152.97312695366753,-0.32444281358567756,0.9973109528572871
8.275149896336455,153.14100223448023,-0.2772813004059464,0.9973017718621577
8.264999017950124,153.30878592087146,-0.2307183391665692,0.9972925872864119
8.254875844896931,153.47647821588023,-0.18474688022312674,0.9972833991844079
8.244780256226651,153.64407932176775,-0.1393599585218783,0.9972742076103628
8.234712131714119,153.81158944002175,-0.09455069248334505,0.9972650126183435
8.224671351853699,153.97900877136064,-0.05031228216301394,0.9972558142621144
8.214657797853814,154.14633751573788,-0.006638007543052133,0.9972466125949924
8.204671351631523,154.31357587234592,0.03647877239645973,0.9972374076698454
8.194711895807147,154.48072403962053,0.07904460256762691,0.9972281995390957
8.184779313698948,154.64778221524475,0.12106594335234046,0.9972189882547283
8.17487348931785,154.81475059615312,0.16254921185316648,0.9972097738683897
8.164994307362218,154.98162937853562,0.20350074145805555,0.9972005564314782
8.155141653212672,155.14841875784182,0.2439267901012451,0.9971913359951472
8.145315412926964,155.31511892878478,0.28383354118571186,0.9971821126103063
8.13551547323489,155.48173008534502,0.3232271044929584,0.9971728863276234
8.125741721533249,155.64825242077447,0.3621135169449362,0.9971636571975548
8.115994045880855,155.81468612760045,0.4004987433547355,0.9971544252703798
8.106272334993593,155.98103139762944,0.4383886773210959,0.9971451905962007
8.096576478239504,156.14728842195112,0.47578907179475444,0.9971359532249424
8.086906365633943,156.3134573909419,0.512705601946139,0.9971267132063509
8.077261887834755,156.47953849426906,0.549144073016684,0.997117470589885
8.067642936137505,156.6455319208944,0.5851101047719107,0.9971082254245605
8.058049402470756,156.81143785907784,0.6206092511081055,0.9970989777589416
8.048481179391377,156.97725649638141,0.6556470007906866,0.9970897276411453
8.038938160079908,157.14298801967277,0.6902287782085716,0.9970804751188442
8.02942023833595,157.30863261512894,0.7243599438503746,0.9970712202393444
8.01992730857361,157.47419046823998,0.7580457942902105,0.9970619630497706
8.010459265816982,157.63966176381257,0.7912915628689001,0.997052703597095
8.001016005695664,157.80504668597362,0.8241024204907162,0.997043441928136
7.991597424440322,157.97034541817385,0.856483165534518,0.9970341780895577
7.982203418878287,158.13555814319142,0.8884390964441824,0.9970249121278631
7.972833886429198,158.30068504313527,0.9199752385001432,0.9970156440893533
7.963488725100678,158.46572629944887,0.9510965216213828,0.997006374020114
7.95416783348405,158.63068209291347,0.9818078172824007,0.9969971019660171
7.944871110750089,158.79555260365169,1.012113939226408,0.9969878279727198
7.935598456644818,158.96033801113091,1.0420196441391176,0.996978552085659
7.926349771485332,159.12503849416677,1.0715296327687638,0.996969274349927
7.917124956155666,159.28965423092632,1.1006485509861306,0.9969599948101652
7.907923912102697,159.45418539893168,1.1293809904096679,0.9969507135105641
7.898746541332076,159.61863217506314,1.1577314263801073,0.996941430494868
7.889592746404209,159.7829947355627,1.1857039994692475,0.996932145806379
7.880462430430259,159.94727325603708,1.2133035290378817,0.996922859488054
7.871355497068191,160.11146791146138,1.2405343951330041,0.9969135715827571
7.86227185051885,160.27557887618184,1.2674009254540248,0.9969042821332985
7.853211395522071,160.43960632391963,1.2939073960319263,0.9968949911824334
7.844174037352827,160.6035504277735,1.3200580318910635,0.9968856987728603
7.835159681817405,160.7674113602235,1.3458570076580216,0.996876404947207
7.82616823524962,160.93118929313366,1.3713084486508949,0.9968671097478841
7.817199604507057,161.09488439775552,1.3964164318185321,0.9968578132169849
7.808253696967352,161.258496844731,1.421184986312777,0.9968485153962867
7.799330420524497,161.42202680409568,1.4456180522036182,0.9968392163272524
7.7904296835851845,161.58547444528176,1.4697190824624635,0.996829916051033
7.781551395065177,161.74883993712112,1.493492473938422,0.9968206146084706
7.772695464385713,161.91212344784847,1.5169420705692842,0.9968113120401045
7.763861801469936,162.07532514510436,1.5400716712085925,0.9968020083861738
7.755050316739369,162.23844519593806,1.5628850301559343,0.9967927036866195
7.746260921110399,162.40148376681057,1.5853858576830833,0.9967833979810865
7.73749352599081,162.5644410235977,1.607577820604635,0.996774091308928
7.728748043276331,162.72731713159305,1.6294645426114658,0.9967647837092884
7.720024385347227,162.89011225551064,1.6510496044972403,0.9967554752212011
7.711322465064902,163.0528265594881,1.6723365446810465,0.9967461658835938
7.702642195768552,163.2154602070895,1.693328859741774,0.9967368557352877
7.693983491271824,163.3780133613081,1.7140295593857506,0.9967275448149971
7.685346265859525,163.54048618456926,1.7344422968973152,0.9967182331613156
7.676730434284336,163.70287883873348,1.7545706403816965,0.9967089208125784
7.668135911763575,163.86519148509885,1.774417925262423,0.9966996078067827
7.659562613975975,164.02742428440402,1.7939874481014944,0.9966902941815895
7.65101045705849,164.18957739683108,1.8132824670460308,0.9966809799743257
7.642479357603132,164.35165098200815,1.832306202284425,0.9966716652219875
7.63396923265383,164.51364519901225,1.8510618365175044,0.9966623499612595
7.625479999703321,164.67556020637178,1.8695525151532437,0.9966530342286125
7.61701157669006,164.83739616206967,1.8877813466618394,0.9966437180603381
7.60856388199516,164.99915322354562,1.9057514030263976,0.99663440149255
7.600136834439358,165.160831547699,1.9234657201879417,0.9966250845611839
7.591730353280004,165.32243129089147,1.9409266055428502,0.9966157673019979
7.583344358208075,165.4839526089496,1.9581376954123662,0.9966064497505778
7.5749787693452175,165.6453956571675,1.9751019318802756,0.9965971319423566
7.566633507240809,165.80676059030947,1.9918222112599204,0.9965878139126193
7.558308492869046,165.96804756261247,2.00830139585815,0.9965784956965036
7.5500036476260615,166.12925672778871,2.024542314669962,0.9965691773289994
7.541718893327054,166.2903882390284,2.0405477634105327,0.9965598588449491
7.5334541522034515,166.45144224900213,2.0563205050052176,0.9965505402790128
7.525209346900097,166.61241890986315,2.0718632703074693,0.99654122166553
7.51698440047245,166.77331837325053,2.0871787585533683,0.9965319030384873
7.508779236383817,166.9341407902909,2.1022696377183476,0.9965225844315211
7.500593778502606,167.09488631160153,2.117138544870475,0.9965132658779217
7.4924279510995975,167.25555508729238,2.1317873912160414,0.9965039474106356
7.484281678845244,167.41614726696872,2.1462193862527945,0.9964946290623063
7.476154886806987,167.57666299973363,2.160437130734549,0.9964853108654623
7.468047500446598,167.7371024341903,2.174443141356787,0.9964759928525739
7.45995944561754,167.89746571844432,2.1882399052931247,0.9964666750560529
7.451890648562349,168.05775300010635,2.201829880567221,0.9964573575082509
7.4438410359100455,168.2179644262943,2.215215496404117,0.9964480402414593
7.435810534673552,168.37810014363566,2.2283991535001735,0.996438723287892
7.427799072247144,168.53816029826996,2.241383224599538,0.9964294066795628
7.419806576403916,168.698145035851,2.2541700549642107,0.9964200904482268
7.41183297529327,168.85805450154925,2.266761962694121,0.9964107746253804
7.403878197438421,169.01788884005398,2.2791612390425273,0.9964014592422644
7.395942171733926,169.1776481955757,2.2913697482699384,0.9963921443298652
7.388024827443233,169.3373327118485,2.3033897423146947,0.9963828299189181
7.380126094196243,169.49694253213195,2.3152238146886455,0.9963735160399276
7.372245901986904,169.6564777992138,2.3268741525297783,0.9963642027231883
7.364384181170811,169.81593865541188,2.3383429176133235,0.9963548899987859
7.3565408624628335,169.97532524257642,2.349632246651347,0.9963455778965996
7.348715876934759,170.1346377020922,2.3607442515888337,0.9963362664463028
7.340909156012955,170.29387617488084,2.3716810199240954,0.996326955677364
7.333120631476052,170.45304080140292,2.3824446150130707,0.9963176456190744
7.325350235452641,170.61213172166012,2.3930370762365487,0.9963083363006116
7.317597900418992,170.77114907519734,2.4034604192731415,0.9962990277510488
7.309863559196791,170.93009300110486,2.4137166363892484,0.9962897199993549
7.302147144950893,171.0889636380206,2.423807696725154,0.9962804130743946
7.294448591187092,171.24776112413198,2.4337349659508276,0.9962711070049274
7.286767831749913,171.4064855971781,2.4435007199741445,0.9962618018195969
7.279104800820415,171.56513719445192,2.4531070839619913,0.9962524975468228
7.271459432914018,171.7237160528023,2.462555937555942,0.9962431942147424
7.26383166287834,171.882222308636,2.471849138763964,0.9962338918512124
7.25622142589106,172.0406560979197,2.4809885242061775,0.9962245904838113
7.248628657457787,172.1990175561821,2.4899759093582086,0.996215290139842
7.241053293409952,172.35730681851592,2.4988130888483755,0.9962059908463339
7.23349526990272,172.51552401957989,2.507501836735738,0.9961966926300947
7.225954523412907,172.67366929360085,2.5160439065510656,0.9961873955178283
7.218430990736924,172.8317427743755,2.524441031515327,0.9961780995361507
7.2109246089887336,172.98974459527267,2.5326949247876978,0.9961688047115899
7.203435315597818,173.147674889235,2.5408072797102235,0.9961595110705855
7.19596304830717,173.30553378878113,2.5487793290444873,0.9961502186394892
7.188507745171295,173.46332142600747,2.5566127907254694,0.9961409274445606
7.181069344554228,173.62103793259016,2.5643096741980203,0.9961316375119172
7.173647785127569,173.77868343978702,2.571871596028498,0.9961223488674885
7.166243005868531,173.93625807843947,2.5793001541869316,0.9961130615370156
7.158854946058006,174.09376197897433,2.5865969282640804,0.9961037755460523
7.15148354527864,174.25119527140583,2.593763479685906,0.9960944909199668
7.144128743412929,174.40855808533746,2.6008013519242343,0.9960852076839423
7.136790480641327,174.56585054996356,2.6077120706984926,0.9960759258629772
7.129468697440369,174.72307279407158,2.6144971441919536,0.9960666454818791
7.122163334580806,174.88022494604374,2.621158063261613,0.996057366565261
7.114874333125759,175.0373071338587,2.62769630163931,0.9960480891375443
7.107601634428882,175.19431948509353,2.634113316130526,0.9960388132229585
7.10034518013254,175.3512621269257,2.6404105468108705,0.9960295388455442
7.093104912166007,175.5081351861344,2.646588637656165,0.9960202660291531
7.0858807727436695,175.66493878910282,2.652649734369077,0.9960109947974645
7.078672704363245,175.82167306181952,2.6585952671221222,0.9960017251740567
7.071480649804021,175.97833812988057,2.6644266111563075,0.995992457182426
7.064304552125097,176.13493411849086,2.6701451259027036,0.9959831908459869
7.057144354663647,176.29146115246635,2.675752155172921,0.9959739261880721
7.050000001033196,176.4479193562354,2.681249027347091,0.9959646632319322
7.0428714351219,176.6043088538406,2.6866370555281196,0.9959554020007354
7.035758601090853,176.76062976894056,2.6919175376391666,0.9959461425175421
7.0286614433723935,176.91688222481167,2.697091756726746,0.995936884805205
7.021579906668431,177.07306634434948,2.7021609811686864,0.9959276288863455
7.014513935948785,177.2291822500709,2.707126464840069,0.9959183747833555
7.007463476449534,177.38523006411518,2.711989447277387,0.9959091225184
7.000428473671374,177.54120990824632,2.716751153840947,0.995899872113418
6.9934088733780015,177.69712190385414,2.7214120324218563,0.9958906235901251
6.986404621594491,177.85296617195624,2.7259739932087887,0.9958813769700352
6.979415664605698,178.0087428331996,2.7304382697678817,0.9958721322745572
6.9724419489546685,178.16445200786202,2.7348060325642463,0.9958628895250238
6.965483421441063,178.320093815854,2.7390784386580647,0.9958536487426914
6.958540029119588,178.4756683767201,2.7432566318649867,0.9958444099487404
6.951611719298441,178.6311758096408,2.7473417429144193,0.9958351731642737
6.944698439537771,178.78661623343382,2.751334889597413,0.9958259384103183
6.937800137648145,178.94198976655585,2.755237176861518,0.9958167057078173
6.930916761689025,179.09729652710416,2.7590496970044525,0.9958074750775767
6.924048259967263,179.25253663281805,2.7627735298573084,0.9957982465402396
6.917194581035601,179.40771020108048,2.7664097429282966,0.9957890201162867
6.9103556736911855,179.56281734891957,2.769959391544592,0.9957797958260378
6.903531486974089,179.71785819301016,2.773423518992504,0.9957705736896529
6.896721970165845,179.87283284967535,2.776802770567766,0.9957613537271331
6.889927072787996,180.027741434888,2.7800981359530876,0.9957521359583218
6.883146744600649,180.1825840642722,2.7833110385143005,0.9957429204029101
6.876380935601038,180.33736085310485,2.7864424748262713,0.9957337070804416
6.869629596022105,180.4920719163172,2.789493430098831,0.9957244960103138
6.8628926763310885,180.6467173684961,2.7924648783079196,0.9957152872117788
6.856170127228117,180.80129732388573,2.7953577823251603,0.9957060807039448
6.849461899644819,180.95581189638898,2.798173094045955,0.9956968765057763
6.842767944742943,181.11026119956884,2.800911754533219,0.9956876746360953
6.83608821391298,181.26464534664996,2.803574694179552,0.9956784751135953
6.829422658772808,181.41896445052004,2.8061628327894583,0.9956692779568844
6.822771231166334,181.57321862373124,2.8086770796937732,0.9956600831844926
6.8161338831621565,181.7274079785017,2.8111183338730954,0.9956508908148727
6.809510567052227,181.8815326267169,2.8134874840796726,0.9956417008663998
6.802901235350531,182.03559267993103,2.81578540895772,0.9956325133573715
6.796305840791775,182.18958824936848,2.818012537755392,0.9956233283060077
6.789724336330077,182.34351944592518,2.820169823704362,0.9956141457304477
6.783156675137676,182.49738638017,2.82225846040173,0.9956049656486868
6.776602810603646,182.65118916234624,2.82427928710924,0.995595788078525
6.770062696332617,182.80492790237275,2.8262331335386097,0.9955866130375661
6.763536286143509,182.95860270984554,2.8281208199585106,0.9955774405432205
6.757023534068275,183.11221369403904,2.8299431573004283,0.9955682706127054
6.75052439435065,183.26576096390747,2.831700947263378,0.9955591032630474
6.74403882144491,183.41924462808615,2.833394982441798,0.9955499385110844
6.737566770014641,183.57266479489292,2.83502604653033,0.9955407763734847
6.731108194931515,183.7260215723294,2.836594914357453,0.9955316168668441
6.724663051274081,183.8793150680822,2.8381023519559423,0.9955224600077148
6.71823129432655,184.03254538952459,2.8395491166669506,0.9955133058126057
6.711812879577606,184.1857126437174,2.8409359572427357,0.9955041542979817
6.705407762719215,184.3388169374106,2.842263613948048,0.9954950054802637
6.69901589964544,184.49185837704445,2.843532701228316,0.995485859375828
6.692637246451277,184.64483706875083,2.844743415551717,0.9954767160010061
6.6862717594314836,184.79775311835456,2.845897116928465,0.9954675753720542
6.67991939507943,184.9506066313746,2.8469945125193092,0.9954584375050781
6.673580110085946,185.1033977130254,2.84803630145279,0.9954493024160224
6.667253861338185,185.25612646821804,2.849023174915548,0.9954401701206711
6.6609406059184915,185.40879300156166,2.8499558162416827,0.9954310406346504
6.654640301103277,185.56139741736453,2.8508349010010767,0.9954219139734283
6.6483529043619045,185.71393981963536,2.851661097087062,0.9954127901523168
6.642078373355582,185.86642031208456,2.8524350648316408,0.9954036691864733
6.635816665936259,186.01883899812543,2.853157457122534,0.9953945510909235
6.629567740145539,186.1711959808754,2.8538289194519204,0.9953854358806038
6.623331554213589,186.32349136315727,2.8544500899971106,0.9953763235703662
6.617108066558066,186.4757252475003,2.855021599704913,0.9953672141749786
6.610897235783043,186.62789773614153,2.8555440723749927,0.9953581077091251
6.604699020677954,186.78000893102694,2.856018124742189,0.9953490041874065
6.598513380216527,186.93205893381267,2.856444189452463,0.9953399036243399
6.59234027355575,187.0840478458661,2.8568224875345014,0.9953308060343597
6.5861796600348175,187.2359757682671,2.8571541744530067,0.9953217114318124
6.580031499174106,187.38784280180928,2.8574398394902514,0.9953126198309448
6.573895750674142,187.5396490470009,2.8576800652533225,0.9953035312459049
6.567772374414586,187.69139460406632,2.8578754277502636,0.9952944456907413
6.561661330453219,187.84307957294695,2.8580264964653135,0.9952853631794039
6.555562579024937,187.99470405330248,2.8581338344332914,0.9952762837257445
6.549476080540752,188.14626814451202,2.858197998313057,0.9952672073435176
6.543401795586799,188.2977719456752,2.85821953845281,0.9952581340463804
6.537339684923356,188.4492155556133,2.858198998944342,0.9952490638478887
6.531289709483859,188.6005990728704,2.8581369177054667,0.9952399967614787
6.5252518303739375,188.75192259571446,2.858033826552672,0.9952309328004663
6.519226008870443,188.90318622213843,2.8578902512699247,0.9952218719780468
6.513212206420494,189.0543900498614,2.8577067116766552,0.9952128143072961
6.507210384640525,189.20553417632968,2.857483721694997,0.9952037598011718
6.50122050531534,189.3566186987178,2.857221789416249,0.9951947084725133
6.49524253039717,189.50764371392972,2.856920854006315,0.9951856603340435
6.489276422004747,189.6586093185999,2.856581831655863,0.9951766153983745
6.483322142422373,189.80951560909426,2.8562053578934274,0.9951675736780473
6.477379654099,189.96036268151136,2.8557919182667346,0.9951585351855493
6.471448919647318,190.11115063168347,2.855341992732705,0.995149499933315
6.465529901842847,190.26187955517753,2.854856056131772,0.995140467933726
6.459622563623033,190.41254954729627,2.8543345777833053,0.9951314391991101
6.453726868086356,190.56316070307926,2.8537780217120363,0.9951224137417426
6.447842778491437,190.71371311730397,2.8531868467077914,0.9951133915738455
6.441970258256156,190.86420688448672,2.852561506340924,0.9951043727075867
6.436109270956775,191.01464209888377,2.8519024489865594,0.995095357155046
6.430259780327065,191.16501885449242,2.8512101179182228,0.9950863449281675
6.424421750257438,191.31533724505186,2.850484951367553,0.9950773360387564
6.418595144794093,191.46559736404433,2.8497273825802916,0.9950683304984804
6.412779928138154,191.61579930469608,2.8489378398716774,0.9950593283188713
6.406976064644827,191.76594315997835,2.8481167466812414,0.9950503295113252
6.401183518822552,191.91602902260843,2.8472645216270074,0.9950413340871047
6.395402255332169,192.06605698505058,2.8463810406713357,0.9950323420573391
6.389632238986087,192.21602713951708,2.8454671134118947,0.9950233534330339
6.383873434747451,192.3659395779692,2.8445232829212945,0.9950143682251313
6.378125807729329,192.51579439211815,2.8435499492943515,0.9950053864445371
6.3723893231938895,192.6655916734261,2.8425475081169997,0.9949964081021205
6.366663946551596,192.8153315131071,2.8415163505179084,0.9949874332087149
6.360949643360401,192.96501400212816,2.840456863219504,0.9949784617751162
6.355246379324944,193.11463923121,2.8393694285883253,0.9949694938120839
6.34955412029576,193.26420729082815,2.838254424684764,0.9949605293303407
6.343872832268489,193.413718271214,2.837112225289454,0.9949515683405722
6.3382024813830915,193.56317226235552,2.8359431998932347,0.9949426108534092
6.332543033923072,193.71256935399828,2.834747713772219,0.9949336568793734
6.326894456314703,193.86190963564647,2.833526128042644,0.9949247064288673
6.321256715126256,194.0111931965638,2.832278799707032,0.9949157595121751
6.315629777067241,194.1604201257743,2.8310060816998273,0.9949068161394637
6.310013608987645,194.3095905120634,2.829708322932559,0.9948978763207834
6.304408177877177,194.45870444397883,2.828385868338485,0.9948889400660694
6.298813450864525,194.60776200983142,2.827038922262579,0.9948800073851422
6.293229395216605,194.75676329769615,2.8256674518752756,0.9948710782877086
6.287655978337827,194.90570839541292,2.824272298116786,0.9948621527833809
6.282093167769357,195.0545973905875,2.8228537905806643,0.9948532308817142
6.276540931188393,195.20343037059254,2.821412255133734,0.9948443125922121
6.270999236407432,195.35220742256826,2.819948013958211,0.9948353979243271
6.265468051373557,195.50092863342346,2.8184613855933054,0.9948264868874601
6.259947344167719,195.6495940898364,2.816952684976348,0.9948175794909608
6.2544370830040235,195.79820387825566,2.815422223483413,0.9948086757441279
6.248937236229029,195.94675808490095,2.8138703089693995,0.9947997756562089
6.2434477723210415,196.0952567957641,2.8122972457943587,0.9947908792364007
6.23796865988942,196.24370009660979,2.810703334839419,0.9947819864938389
6.23249986767388,196.39208807297658,2.809088873557242,0.9947730974375748
6.227041364543809,196.54042081017755,2.807454156012325,0.9947642120765733
6.221593119497581,196.68869839330137,2.8057994729187294,0.9947553304197124
6.216155101661877,196.83692090721294,2.8041251116773624,0.9947464524757849
6.210727280291008,196.98508843655446,2.802431356412849,0.9947375782534985
6.205309624766248,197.13320106574605,2.800718488009985,0.9947287077614761
6.199902104595165,197.2812588789867,2.798986773100387,0.9947198410082568
6.194504689410958,197.42926196025513,2.797235899029793,0.9947109780022965
6.189117348971799,197.57721039331054,2.79546673643298,0.9947021187519708
6.183740053160182,197.72510426169342,2.7936795536332477,0.9946932632655866
6.17837277198227,197.87294364872645,2.7918746159001553,0.9946844115513842
6.173015475567248,198.02072863751533,2.790052185483602,0.9946755636175384
6.167668134166687,198.16845931094946,2.788212521647532,0.9946667194721581
6.1623307181539,198.31613575170283,2.786355880703258,0.9946578791232875
6.157003198023314,198.46375804223484,2.784482516042367,0.9946490425789059
6.151685544389836,198.61132626479113,2.7825926781693044,0.9946402098469278
6.146377727988231,198.7588405014042,2.7806866147337157,0.9946313809352042
6.141079719672497,198.9063008338944,2.7787645705641935,0.9946225558515219
6.135791490415252,199.05370734387063,2.7768267876999855,0.9946137346036068
6.130513011307113,199.20106011273117,2.774873505421525,0.9946049171991235
6.125244253556094,199.34835922166437,2.772904960281134,0.9945961036456773
6.119985188486995,199.49560475164947,2.7709213861334345,0.9945872939508132
6.114735787540799,199.64279678345747,2.768923014165351,0.9945784881220172
6.109496022274079,199.7899353976517,2.766910072925814,0.9945696861667157
6.1042658643583945,199.93702067458884,2.764882788355102,0.9945608880922768
6.09904528557971,200.08405269441934,2.7628412786086067,0.9945520939060092
6.0938342578378,200.2310315370886,2.7607854006466575,0.9945433036151642
6.088632753145669,200.37795728233732,2.758715842801673,0.9945345172269302
6.0834407436289695,200.52483000970253,2.7566328208374875,0.994525734748422
6.0782582015254265,200.67164979851825,2.754536548038898,0.9945169561866799
6.073085099184265,200.81841672791617,2.7524272352391006,0.99450818154867
6.06792140906564,200.96513087682646,2.7503050908468247,0.9944994108412855
6.062767103740071,201.11179232397848,2.748170320873143,0.9944906440713459
6.057622155887877,201.25840114790154,2.7460231289580292,0.9944818812455986
6.052486538298623,201.4049574269256,2.7438637163965707,0.9944731223707188
6.047360223870558,201.55146123918203,2.741692282165766,0.9944643674533106
6.042243185610069,201.69791266260432,2.739509022967867,0.9944556164999073
6.037135396631128,201.8443117749287,2.737314133265085,0.994446869516987
6.03203683015475,201.99065865369508,2.7351078052977607,0.994438126510986
6.026947459508448,202.1369533762475,2.732890229108755,0.9944293874882997
6.021867258125697,202.28319601973507,2.7306615925678814,0.9944206524552827
6.016796199545398,202.4293866611125,2.7284220813960403,0.994411921418249
6.011734257411344,202.5755253771409,2.726171879189083,0.9944031943834718
6.006681405471696,202.7216122443885,2.7239111674413903,0.9943944713571843
6.001637617578451,202.86764733923118,2.7216401255691705,0.9943857523455792
5.996602867686926,203.01363073785345,2.719358566781151,0.9943770373548089
5.9915771298552345,203.15956251624883,2.7170668559731035,0.9943683263909835
5.986560378243774,203.30544275022072,2.71476534194965,0.9943596194601502
5.9815525871147095,203.4512715153831,2.7124541959551203,0.9943509165682789
5.9765537308314665,203.59704888716107,2.710133587241239,0.9943422177212636
5.971563783858224,203.74277494079163,2.7078036830890695,0.9943335229249225
5.966582720759411,203.8884497513244,2.705464648830712,0.9943248321849985
5.9616105161992055,204.0340733936221,2.703116647870777,0.9943161455071599
5.956647144941036,204.1796459423614,2.70075984170761,0.9943074628970009
5.951692581847091,204.32516747203354,2.6983943899542817,0.9942987843600425
5.946746801877822,204.47063805694495,2.6960204503619143,0.9942901099017324
5.94180978009146,204.61605777121795,2.693638178869561,0.9942814395274485
5.936881491643528,204.76142668879137,2.691247729632232,0.9942727732425228
5.931961911786359,204.9067448834212,2.688849255033172,0.9942641110522586
5.927051015868613,205.05201242868128,2.686442905703341,0.9942554529619303
5.9221487793348055,205.19722939796392,2.6840288305407953,0.9942467989767836
5.917255177724831,205.34239586448055,2.6816071767298757,0.9942381491020352
5.912370186673492,205.4875119012623,2.6791780897601236,0.9942295033428736
5.907493781910029,205.63257758116083,2.676741713445027,0.9942208617044581
5.902625939257658,205.77759297684867,2.6742981899405125,0.9942122241919195
5.897766634633106,205.9225581608201,2.6718474278082778,0.9942035908103597
5.892915844046153,206.06747320539162,2.669389526076153,0.9941949615648517
5.888073543599172,206.21233818270272,2.666924894708618,0.9941863364604171
5.883239709486677,206.35715316471638,2.664453669305255,0.9941777155020032
5.878414317994869,206.50191822321972,2.6619759838620434,0.9941690986944824
5.87359734550119,206.64663342982465,2.659491970788972,0.9941604860426525
5.868788768473872,206.79129885596845,2.657001760927477,0.9941518775512372
5.8639885634715005,206.9359145729144,2.654505483567665,0.9941432732248872
5.859196707142565,207.08048065175245,2.6520032664653854,0.9941346730681803
5.854413176225026,207.22499716339962,2.6494952358590758,0.9941260770856223
5.849637947545878,207.36946417860085,2.64698151648648,0.9941174852816473
5.844870998020714,207.5138817679295,2.6444622316135495,0.9941088976606189
5.8401123046533,207.65825000178782,2.6419375030855727,0.99410031422684
5.83536184453514,207.8025689504078,2.639407451336467,0.994091734984586
5.830619594845055,207.94683868385152,2.636872195401554,0.9940831599381118
5.825885532848758,208.09105927201196,2.6343318529329425,0.9940745890916506
5.821159635898434,208.2352307846134,2.6317865402147778,0.994066022449415
5.816441881432321,208.37935329121208,2.6292363721782905,0.994057460015596
5.811732246974295,208.52342686119678,2.6266814624166814,0.9940489017943639
5.807030710133457,208.66745156378937,2.6241219231998167,0.9940403477898675
5.80233724860372,208.8114274680455,2.6215578654887883,0.9940317980062346
5.797651840163403,208.95535464285504,2.6189891636464537,0.9940232524475717
5.792974462674823,209.09923315694266,2.6164159279934056,0.9940147111179627
5.788305094083893,209.24306307886846,2.613838499806426,0.9940061740214468
5.783643712419718,209.38684447702852,2.6112569848421656,0.9939976411619944
5.7789902957942,209.53057741965551,2.6086714875820323,0.9939891125435085
5.774344822401636,209.6742619748191,2.6060821112462094,0.9939805881698238
5.769707270518328,209.81789821042668,2.6034889578074965,0.9939720680447077
5.76507761850219,209.96148619422382,2.600892128005032,0.9939635521718613
5.760455844792354,210.10502599379487,2.5982917213578522,0.9939550405549192
5.755841927908789,210.24851767656352,2.595687836178319,0.9939465331974507
5.7512358464519115,210.39196130979326,2.593080569585374,0.9939380301029597
5.746637579102202,210.53535696058808,2.5904700175211848,0.9939295312748855
5.742047104619828,210.67870469589283,2.587856274795089,0.9939210367166067
5.737464401844259,210.82200458249392,2.5852394351028143,0.993912546431468
5.7328894496938965,210.96525668701975,2.582619591033147,0.9939040604227949
5.728322227165695,211.10846107594134,2.579996834080032,0.9938955786938946
5.723762713334791,211.25161781557279,2.5773712546545737,0.9938871012480546
5.7192108873541345,211.39472697207188,2.574742942096897,0.9938786280885441
5.7146667284541195,211.53778861144045,2.572111984687889,0.9938701592186132
5.710130215942219,211.68080279952514,2.569478469660792,0.9938616946414931
5.70560132920262,211.82376960201776,2.566842483212668,0.993853234360396
5.701080047695863,211.9666890844559,2.564204110515738,0.9938447783785148
5.6965663509584825,212.10956131222335,2.5615631050144745,0.9938363266990239
5.692060218602648,212.25238635055072,2.5589197773300927,0.9938278793250755
5.687561630315809,212.3951642645159,2.5562743135934416,0.9938194362597758
5.683070565860343,212.53789511904463,2.5536267948877827,0.9938109975061723
5.678587005073204,212.68057897891094,2.5509773012956307,0.9938025630672556
5.674110927865571,212.8232159087377,2.548325911909765,0.9937941329459584
5.669642314222501,212.96580597299703,2.545672704844102,0.993785707145157
5.6651811442025855,213.108349236011,2.5430177572444834,0.9937772856676713
5.660727397937604,213.250845761952,2.540361145299329,0.993768868516265
5.656281055632185,213.39329561484328,2.537702944250177,0.9937604556936467
5.651842097563465,213.53569885855939,2.5350432284021127,0.99375204720247
5.647410504080752,213.67805555682665,2.5323820711354394,0.9937436430453338
5.642986255605187,213.82036577322387,2.5297195449367758,0.9937352432247837
5.638569332629414,213.96262957118256,2.527055721419448,0.9937268477433315
5.634159715717244,214.1048470139876,2.5243906713283817,0.9937184566034692
5.629757385503328,214.24701816477761,2.5217244645494703,0.9937100698076701
5.625362322692824,214.3891430865456,2.5190571701189666,0.9937016873583876
5.620974508061079,214.53122184213925,2.516388856232764,0.9936933092580569
5.616593922453295,214.67325449426147,2.5137195902555867,0.9936849355090938
5.612220546784212,214.81524110547102,2.511049438730077,0.9936765661138949
5.607854362037786,214.95718173818275,2.5083784673857665,0.9936682010748381
5.6034953492668675,215.09907645466822,2.5057067411479603,0.9936598403942821
5.599143489592887,215.24092531705617,2.503034245136087,0.9936514840745668
5.594798764205537,215.38272838733292,2.500360799973405,0.9936431321180133
5.59046115436246,215.52448572734292,2.4976867906594835,0.9936347845269147
5.586130641388936,215.66619739878917,2.4950122789273563,0.9936264413035188
5.58180720667757,215.80786346323362,2.492337325725303,0.9936181024500254
5.577490831687986,215.94948398209783,2.4896619912254803,0.993609767968586
5.5731814979465195,216.0910590166632,2.486986334832484,0.9936014378613053
5.568879187045911,216.23258862807162,2.4843104151918096,0.9935931121302405
5.564583880645003,216.3740728773258,2.4816342901982225,0.9935847907774027
5.56029556046844,216.5155118252897,2.478958017004043,0.9935764738047562
5.5560142083063635,216.6569055326892,2.476281651950501,0.9935681612142199
5.551739806014121,216.79825406011227,2.473605250770887,0.9935598530076666
5.54747233551196,216.9395574680096,2.4709288684760464,0.9935515491869242
5.543211778784743,217.080815816695,2.468252559347118,0.993543249753777
5.538958117881643,217.2220291663458,2.4655763769871197,0.9935349547099784
5.53471133491586,217.36319757700343,2.4629003743252924,0.9935266640572645
5.530471412064327,217.5043211085737,2.460224603624356,0.9935183777973521
5.526238331567421,217.64539982082727,2.4575491164878174,0.9935100959319395
5.522012075728677,217.78643377340023,2.4548739638671644,0.9935018184627069
5.517792626914503,217.92742302579433,2.452199196068996,0.9934935453913164
5.513579967553892,218.06836763737758,2.449524862762066,0.9934852767194114
5.509374080138146,218.20926766738458,2.4468510129842658,0.9934770124486174
5.505174947220588,218.35012317491706,2.4441776951494925,0.9934687525805416
5.50098255141629,218.4909342189441,2.44150495705449,0.993460497116773
5.496796875401786,218.63170085830285,2.438832564064289,0.9934522460588825
5.492617901914806,218.7724231516987,2.4361607587802854,0.9934439994084212
5.488445613753991,218.9131011577058,2.4334896736045684,0.9934357571669059
5.484279993778628,219.0537349347676,2.4308193538722476,0.9934275193358125
5.480121024908374,219.19432454119698,2.428149844315744,0.9934192859165758
5.4759686901229845,219.33487003517698,2.425481189071481,0.99341105691059
5.471822972462049,219.47537147476098,2.422813431686469,0.9934028323192088
5.467683855024719,219.61582891787333,2.420146615124843,0.9933946121437465
5.463551320969444,219.75624242230953,2.417480781774309,0.9933863963854773
5.459425353513707,219.89661204573682,2.414815973452543,0.9933781850456364
5.455305935933761,220.03693784569455,2.412152231413503,0.9933699781254193
5.451193051564368,220.1772198795945,2.409489596353694,0.9933617756259835
5.447086683798537,220.31745820472136,2.406828108419779,0.9933535775484478
5.442986816087268,220.4576528782332,2.4041678072285286,0.9933453838938938
5.438893431939291,220.59780395716174,2.401508731877193,0.99333719466338
5.434806514920811,220.73791149841279,2.3988509209471793,0.993329009857948
5.430726048655257,220.87797555876668,2.3961944125097134,0.9933208294786233
5.426652016823021,221.0179961948787,2.3935392441313943,0.9933126535264157
5.422584403161215,221.15797346327938,2.3908854528797474,0.9933044820023186
5.418523191463413,221.29790742037497,2.3882330753286762,0.9932963149073093
5.414468365579404,221.43779812244782,2.3855821475638757,0.9932881522423491
5.410419909414948,221.57764562565674,2.3829327051881757,0.9932799940083836
5.406377806931522,221.71744998603745,2.3802847833268355,0.9932718402063423
5.4023420421460795,221.85721125950292,2.3776384166327666,0.9932636908371388
5.398312599130808,221.99692950184365,2.374993498365078,0.9932555459016709
5.39428946201288,222.13660476872838,2.372350008143473,0.9932474054008203
5.390272614974219,222.2762371157041,2.369708174825861,0.9932392693354439
5.386262042251253,222.41582659819667,2.367068031179542,0.9932311377063625
5.382257728134679,222.55537327151112,2.364429609508103,0.9932230105143608
5.3782596569692265,222.694877190832,2.3617929416566197,0.9932148877601868
5.374267813153418,222.83433841122377,2.3591580590167407,0.9932067694445535
5.370282181139335,222.9737569876313,2.356524992531773,0.9931986555681378
5.366302745432386,223.11313297488007,2.3538937727016775,0.9931905461315816
5.362329490591072,223.2524664276766,2.351264429588031,0.9931824411354923
5.358362401226754,223.3917574006089,2.3486369928189195,0.9931743405804416
5.354401462003426,223.5310059481467,2.346011491593783,0.9931662444669678
5.350446657637486,223.67021212464198,2.3433879546882332,0.9931581527955742
5.346497972897503,223.80937598432914,2.3407664104613874,0.9931500655667311
5.342555392603999,223.94849758132554,2.3381468868745316,0.993141982780877
5.338618901629215,224.08757696963184,2.3355294114971605,0.993133904438433
5.334688484896894,224.22661420313221,2.3329140115100864,0.9931258305398077
5.330764127382053,224.3656093355949,2.330300713709735,0.9931177610853974
5.326845814110763,224.50456242067244,2.3276895445123458,0.9931096960755852
5.322933530159932,224.64347351190204,2.325080529958177,0.993101635510742
5.3190272606570765,224.7823426627061,2.322473695715617,0.9930935793912262
5.315126990780113,224.92116992639225,2.319869067085307,0.9930855277173836
5.311232705757137,225.05995535615398,2.317266669004153,0.9930774804895476
5.307344390866203,225.19869900507086,2.3146665260493453,0.9930694377080389
5.303462031435116,225.33740092610896,2.312068662442323,0.9930613993731663
5.299585612841215,225.47606117212115,2.3094730693637207,0.9930533654852256
5.295715120511158,225.61467979584745,2.3068795304180174,0.9930453360445006
5.2918505399207145,225.7532568499154,2.304288341889,0.9930373110512581
5.287991856594553,225.8917923868404,2.301699526573765,0.993029290505735
5.284139056106032,226.03028645902603,2.299113106916811,0.9930212744081356
5.2802921240769916,226.16873911876442,2.2965291050139762,0.9930132627586323
5.276451046177545,226.30715041823657,2.293947542616406,0.9930052555573661
5.272615808125876,226.4455204095127,2.291368441134434,0.9929972528044463
5.268786395688029,226.5838491445526,2.288791821641426,0.9929892544999511
5.264962794677711,226.72213667520592,2.286217704877614,0.9929812606439277
5.261144990956081,226.86038305321264,2.2836461112538475,0.9929732712363922
5.257332970431555,226.9985883302032,2.2810770608553343,0.9929652862773309
5.253526719059603,227.13675255769894,2.2785105734453266,0.9929573057666994
5.249726222842548,227.27487578711253,2.275946668468773,0.9929493297044231
5.245931467829367,227.4129580697481,2.2733853650601925,0.9929413580903982
5.2421424401154955,227.55099945680172,2.27082668205984,0.9929333909244951
5.23835912584263,227.6889999993616,2.26827063801678,0.9929254282065717
5.234581511198529,227.82695974840863,2.2657172511915182,0.9929174699364767
5.230809582416825,227.96487875481645,2.263166539559184,0.9929095161140488
5.2270433257768225,228.10275706935195,2.260618520812709,0.992901566739117
5.223282727603313,228.2405947426755,2.2580732123659497,0.9928936218115013
5.2195277742663775,228.37839182534137,2.255530631356775,0.9928856813310112
5.2157784521812,228.51614836779785,2.2529907946501506,0.9928777452974472
5.212034747807874,228.65386442038786,2.2504537188411424,0.9928698137106
5.208296647651217,228.79154003334904,2.247919420257911,0.9928618865702509
5.204564138260579,228.92917525681412,2.2453879149647045,0.9928539638761715
5.20083720622966,229.0667701408113,2.242859218764745,0.992846045628124
5.19711583819632,229.2043247352645,2.2403331333572534,0.9928381318258608
5.193400020842396,229.34183908999364,2.23780982624072,0.9928302224691237
5.189689740893518,229.47931325471512,2.2352893745008857,0.9928223175576317
5.1859849851189255,229.6167472790419,2.232771792879974,0.9928144170910768
5.182285740331285,229.75414121248394,2.23025709585906,0.9928065210691228
5.178591993386511,229.89149510444855,2.2277452976610714,0.9927986294914065
5.17490373118358,230.02880900424054,2.225236412253755,0.9927907423575377
5.171220940664357,230.16608296106273,2.2227304533525944,0.9927828596670989
5.167543608813415,230.30331702401605,2.2202274344237254,0.9927749814196464
5.163871722657856,230.44051124210003,2.2177273686867967,0.9927671076147101
5.160205269267136,230.57766566421284,2.2152302691178134,0.9927592382517932
5.156544235752889,230.714780339152,2.212736148451946,0.9927513733303734
5.152888609268748,230.85185531561424,2.2102450191863015,0.9927435128499023
5.149238377010181,230.98889064219608,2.2077568935827174,0.9927356568098057
5.145593526214305,231.12588636739406,2.2052717836752946,0.9927278052094846
5.141954044159722,231.262842539605,2.202789701282584,0.9927199580483191
5.1383199181663475,231.3997592071263,2.2003106580092617,0.9927121153256797
5.134691135595235,231.53663641815626,2.1978346652482634,0.9927042770409281
5.131067683848409,231.67347422079442,2.195361734183188,0.9926964431934175
5.1274495503686985,231.81027266304164,2.1928918757906235,0.9926886137824928
5.123836722639565,231.94703179280077,2.1904251008424973,0.9926807888074906
5.120229188184937,232.0837516578765,2.1879614199083903,0.9926729682677382
5.116626934569044,232.22043230597598,2.1855008433578,0.9926651521625554
5.113029949396249,232.35707378470897,2.1830433813624097,0.9926573404912531
5.109438220310887,232.49367614158817,2.1805890438983218,0.9926495332531343
5.105851734997098,232.63023942402936,2.1781378407482648,0.9926417304474928
5.1022704811786666,232.76676367935195,2.1756897815037757,0.9926339320736147
5.098694446618857,232.90324895477906,2.1732447850775873,0.9926261381307777
5.095123619120252,233.03969529743782,2.1708027941820713,0.9926183486182508
5.091557986524595,233.1761027543598,2.168363975210247,0.9926105635352893
5.087997536712628,233.31247137248104,2.165928336981444,0.9926027828811277
5.084442257603931,233.44880119864254,2.163495888123893,0.9925950066549788
5.080892137156768,233.5850922795905,2.1610666370769462,0.9925872348560334
5.077347163367926,233.72134466197647,2.1586405920933167,0.9925794674834618
5.073807324272558,233.8575583923578,2.156217761241223,0.9925717045364127
5.070272607944029,233.99373351719774,2.153798152406583,0.9925639460140142
5.0667430024937605,234.12987008286592,2.151381773295135,0.9925561919153733
5.063218496071076,234.2659681356384,2.14896863143457,0.9925484422395765
5.059699076863045,234.40202772169812,2.1465587341765957,0.9925406969856899
5.056184733094335,234.53804888713506,2.1441520886990495,0.9925329561527596
5.052675453027053,234.67403167794654,2.141748702007914,0.992525219739811
5.0491712249606,234.80997614003752,2.1393485809393797,0.99251748774585
5.045672037231516,234.94588231922086,2.1369517321648948,0.9925097601698626
5.042177878213335,235.08175026121748,2.1345581621986542,0.9925020370108179
5.038688736316428,235.2175800116568,2.1321678773990156,0.9924943182676752
5.035204599987862,235.35337161607688,2.129780883970166,0.9924866039393845
5.03172545771125,235.48912511992475,2.127397187963919,0.992478894024886
5.028251298006602,235.6248405685566,2.1250167952814643,0.9924711885231108
5.024782109430179,235.76051800723818,2.1226397116751294,0.9924634874329805
5.021317880574351,235.89615748114477,2.1202659427501045,0.9924557907534078
5.017858600067449,236.0317590353618,2.1178954939661483,0.9924480984832962
5.014404256573622,236.1673227148849,2.115528370639289,0.9924404106215396
5.010954838792689,236.3028485646202,2.1131645779434822,0.9924327271670235
5.007510335460006,236.43833662938457,2.1108041209122943,0.9924250481186234
5.004070735346314,236.57378695390588,2.1084470044405155,0.9924173734752068
5.000636027257603,236.70919958282332,2.1060932332857916,0.9924097032356315
